DATAFLOW,LAST UPDATE,freq,unit,geo,TIME_PERIOD,OBS_VALUE,OBS_FLAG
ESTAT:NAMA_10R_3GDP(1.0),20/02/24 11:00:00,A,EUR_HAB,AL011,2018,3400,
ESTAT:NAMA_10R_3GDP(1.0),20/02/24 11:00:00,A,EUR_HAB,AL012,2018,4400,
ESTAT:NAMA_10R_3GDP(1.0),20/02/24 11:00:00,A,EUR_HAB,AL013,2018,2800,
ESTAT:NAMA_10R_3GDP(1.0),20/02/24 11:00:00,A,EUR_HAB,AL014,2018,3200,
ESTAT:NAMA_10R_3GDP(1.0),20/02/24 11:00:00,A,EUR_HAB,AL015,2018,3200,
ESTAT:NAMA_10R_3GDP(1.0),20/02/24 11:00:00,A,EUR_HAB,AL021,2018,3100,
ESTAT:NAMA_10R_3GDP(1.0),20/02/24 11:00:00,A,EUR_HAB,AL022,2018,6100,
ESTAT:NAMA_10R_3GDP(1.0),20/02/24 11:00:00,A,EUR_HAB,AL031,2018,3600,
ESTAT:NAMA_10R_3GDP(1.0),20/02/24 11:00:00,A,EUR_HAB,AL032,2018,4700,
ESTAT:NAMA_10R_3GDP(1.0),20/02/24 11:00:00,A,EUR_HAB,AL033,2018,4500,
ESTAT:NAMA_10R_3GDP(1.0),20/02/24 11:00:00,A,EUR_HAB,AL034,2018,3300,
ESTAT:NAMA_10R_3GDP(1.0),20/02/24 11:00:00,A,EUR_HAB,AL035,2018,3800,
ESTAT:NAMA_10R_3GDP(1.0),20/02/24 11:00:00,A,EUR_HAB,AT111,2018,26600,
ESTAT:NAMA_10R_3GDP(1.0),20/02/24 11:00:00,A,EUR_HAB,AT112,2018,33300,
ESTAT:NAMA_10R_3GDP(1.0),20/02/24 11:00:00,A,EUR_HAB,AT113,2018,27700,
ESTAT:NAMA_10R_3GDP(1.0),20/02/24 11:00:00,A,EUR_HAB,AT121,2018,34400,
ESTAT:NAMA_10R_3GDP(1.0),20/02/24 11:00:00,A,EUR_HAB,AT122,2018,32100,
ESTAT:NAMA_10R_3GDP(1.0),20/02/24 11:00:00,A,EUR_HAB,AT123,2018,43900,
ESTAT:NAMA_10R_3GDP(1.0),20/02/24 11:00:00,A,EUR_HAB,AT124,2018,30900,
ESTAT:NAMA_10R_3GDP(1.0),20/02/24 11:00:00,A,EUR_HAB,AT125,2018,23700,
ESTAT:NAMA_10R_3GDP(1.0),20/02/24 11:00:00,A,EUR_HAB,AT126,2018,28800,
ESTAT:NAMA_10R_3GDP(1.0),20/02/24 11:00:00,A,EUR_HAB,AT127,2018,51900,
ESTAT:NAMA_10R_3GDP(1.0),20/02/24 11:00:00,A,EUR_HAB,AT130,2018,51300,
ESTAT:NAMA_10R_3GDP(1.0),20/02/24 11:00:00,A,EUR_HAB,AT211,2018,42900,
ESTAT:NAMA_10R_3GDP(1.0),20/02/24 11:00:00,A,EUR_HAB,AT212,2018,28500,
ESTAT:NAMA_10R_3GDP(1.0),20/02/24 11:00:00,A,EUR_HAB,AT213,2018,33400,
ESTAT:NAMA_10R_3GDP(1.0),20/02/24 11:00:00,A,EUR_HAB,AT221,2018,50200,
ESTAT:NAMA_10R_3GDP(1.0),20/02/24 11:00:00,A,EUR_HAB,AT222,2018,38600,
ESTAT:NAMA_10R_3GDP(1.0),20/02/24 11:00:00,A,EUR_HAB,AT223,2018,38800,
ESTAT:NAMA_10R_3GDP(1.0),20/02/24 11:00:00,A,EUR_HAB,AT224,2018,31700,
ESTAT:NAMA_10R_3GDP(1.0),20/02/24 11:00:00,A,EUR_HAB,AT225,2018,29600,
ESTAT:NAMA_10R_3GDP(1.0),20/02/24 11:00:00,A,EUR_HAB,AT226,2018,32000,
ESTAT:NAMA_10R_3GDP(1.0),20/02/24 11:00:00,A,EUR_HAB,AT311,2018,38700,
ESTAT:NAMA_10R_3GDP(1.0),20/02/24 11:00:00,A,EUR_HAB,AT312,2018,55000,
ESTAT:NAMA_10R_3GDP(1.0),20/02/24 11:00:00,A,EUR_HAB,AT313,2018,28900,
ESTAT:NAMA_10R_3GDP(1.0),20/02/24 11:00:00,A,EUR_HAB,AT314,2018,44600,
ESTAT:NAMA_10R_3GDP(1.0),20/02/24 11:00:00,A,EUR_HAB,AT315,2018,40600,
ESTAT:NAMA_10R_3GDP(1.0),20/02/24 11:00:00,A,EUR_HAB,AT321,2018,38200,
ESTAT:NAMA_10R_3GDP(1.0),20/02/24 11:00:00,A,EUR_HAB,AT322,2018,45200,
ESTAT:NAMA_10R_3GDP(1.0),20/02/24 11:00:00,A,EUR_HAB,AT323,2018,55500,
ESTAT:NAMA_10R_3GDP(1.0),20/02/24 11:00:00,A,EUR_HAB,AT331,2018,49000,
ESTAT:NAMA_10R_3GDP(1.0),20/02/24 11:00:00,A,EUR_HAB,AT332,2018,45700,
ESTAT:NAMA_10R_3GDP(1.0),20/02/24 11:00:00,A,EUR_HAB,AT333,2018,34700,
ESTAT:NAMA_10R_3GDP(1.0),20/02/24 11:00:00,A,EUR_HAB,AT334,2018,49500,
ESTAT:NAMA_10R_3GDP(1.0),20/02/24 11:00:00,A,EUR_HAB,AT335,2018,47600,
ESTAT:NAMA_10R_3GDP(1.0),20/02/24 11:00:00,A,EUR_HAB,AT341,2018,49500,
ESTAT:NAMA_10R_3GDP(1.0),20/02/24 11:00:00,A,EUR_HAB,AT342,2018,49000,
ESTAT:NAMA_10R_3GDP(1.0),20/02/24 11:00:00,A,EUR_HAB,BE100,2018,69600,
ESTAT:NAMA_10R_3GDP(1.0),20/02/24 11:00:00,A,EUR_HAB,BE211,2018,49100,
ESTAT:NAMA_10R_3GDP(1.0),20/02/24 11:00:00,A,EUR_HAB,BE212,2018,44800,
ESTAT:NAMA_10R_3GDP(1.0),20/02/24 11:00:00,A,EUR_HAB,BE213,2018,45200,
ESTAT:NAMA_10R_3GDP(1.0),20/02/24 11:00:00,A,EUR_HAB,BE223,2018,23700,
ESTAT:NAMA_10R_3GDP(1.0),20/02/24 11:00:00,A,EUR_HAB,BE224,2018,40300,
ESTAT:NAMA_10R_3GDP(1.0),20/02/24 11:00:00,A,EUR_HAB,BE225,2018,28000,
ESTAT:NAMA_10R_3GDP(1.0),20/02/24 11:00:00,A,EUR_HAB,BE231,2018,26200,
ESTAT:NAMA_10R_3GDP(1.0),20/02/24 11:00:00,A,EUR_HAB,BE232,2018,28200,
ESTAT:NAMA_10R_3GDP(1.0),20/02/24 11:00:00,A,EUR_HAB,BE233,2018,29200,
ESTAT:NAMA_10R_3GDP(1.0),20/02/24 11:00:00,A,EUR_HAB,BE234,2018,48300,
ESTAT:NAMA_10R_3GDP(1.0),20/02/24 11:00:00,A,EUR_HAB,BE235,2018,31300,
ESTAT:NAMA_10R_3GDP(1.0),20/02/24 11:00:00,A,EUR_HAB,BE236,2018,35900,
ESTAT:NAMA_10R_3GDP(1.0),20/02/24 11:00:00,A,EUR_HAB,BE241,2018,48800,
ESTAT:NAMA_10R_3GDP(1.0),20/02/24 11:00:00,A,EUR_HAB,BE242,2018,37600,
ESTAT:NAMA_10R_3GDP(1.0),20/02/24 11:00:00,A,EUR_HAB,BE251,2018,40400,
ESTAT:NAMA_10R_3GDP(1.0),20/02/24 11:00:00,A,EUR_HAB,BE252,2018,27300,
ESTAT:NAMA_10R_3GDP(1.0),20/02/24 11:00:00,A,EUR_HAB,BE253,2018,35500,
ESTAT:NAMA_10R_3GDP(1.0),20/02/24 11:00:00,A,EUR_HAB,BE254,2018,43500,
ESTAT:NAMA_10R_3GDP(1.0),20/02/24 11:00:00,A,EUR_HAB,BE255,2018,31300,
ESTAT:NAMA_10R_3GDP(1.0),20/02/24 11:00:00,A,EUR_HAB,BE256,2018,41200,
ESTAT:NAMA_10R_3GDP(1.0),20/02/24 11:00:00,A,EUR_HAB,BE257,2018,42000,
ESTAT:NAMA_10R_3GDP(1.0),20/02/24 11:00:00,A,EUR_HAB,BE258,2018,37400,
ESTAT:NAMA_10R_3GDP(1.0),20/02/24 11:00:00,A,EUR_HAB,BE310,2018,50100,
ESTAT:NAMA_10R_3GDP(1.0),20/02/24 11:00:00,A,EUR_HAB,BE323,2018,25900,
ESTAT:NAMA_10R_3GDP(1.0),20/02/24 11:00:00,A,EUR_HAB,BE328,2018,30700,
ESTAT:NAMA_10R_3GDP(1.0),20/02/24 11:00:00,A,EUR_HAB,BE329,2018,18700,
ESTAT:NAMA_10R_3GDP(1.0),20/02/24 11:00:00,A,EUR_HAB,BE32A,2018,22800,
ESTAT:NAMA_10R_3GDP(1.0),20/02/24 11:00:00,A,EUR_HAB,BE32B,2018,27300,
ESTAT:NAMA_10R_3GDP(1.0),20/02/24 11:00:00,A,EUR_HAB,BE32C,2018,24500,
ESTAT:NAMA_10R_3GDP(1.0),20/02/24 11:00:00,A,EUR_HAB,BE32D,2018,18300,
ESTAT:NAMA_10R_3GDP(1.0),20/02/24 11:00:00,A,EUR_HAB,BE331,2018,23400,
ESTAT:NAMA_10R_3GDP(1.0),20/02/24 11:00:00,A,EUR_HAB,BE332,2018,31700,
ESTAT:NAMA_10R_3GDP(1.0),20/02/24 11:00:00,A,EUR_HAB,BE334,2018,18300,
ESTAT:NAMA_10R_3GDP(1.0),20/02/24 11:00:00,A,EUR_HAB,BE335,2018,26500,
ESTAT:NAMA_10R_3GDP(1.0),20/02/24 11:00:00,A,EUR_HAB,BE336,2018,28100,
ESTAT:NAMA_10R_3GDP(1.0),20/02/24 11:00:00,A,EUR_HAB,BE341,2018,24100,
ESTAT:NAMA_10R_3GDP(1.0),20/02/24 11:00:00,A,EUR_HAB,BE342,2018,22500,
ESTAT:NAMA_10R_3GDP(1.0),20/02/24 11:00:00,A,EUR_HAB,BE343,2018,29500,
ESTAT:NAMA_10R_3GDP(1.0),20/02/24 11:00:00,A,EUR_HAB,BE344,2018,28200,
ESTAT:NAMA_10R_3GDP(1.0),20/02/24 11:00:00,A,EUR_HAB,BE345,2018,18100,
ESTAT:NAMA_10R_3GDP(1.0),20/02/24 11:00:00,A,EUR_HAB,BE351,2018,22100,
ESTAT:NAMA_10R_3GDP(1.0),20/02/24 11:00:00,A,EUR_HAB,BE352,2018,30900,
ESTAT:NAMA_10R_3GDP(1.0),20/02/24 11:00:00,A,EUR_HAB,BE353,2018,18600,
ESTAT:NAMA_10R_3GDP(1.0),20/02/24 11:00:00,A,EUR_HAB,BG311,2018,4100,
ESTAT:NAMA_10R_3GDP(1.0),20/02/24 11:00:00,A,EUR_HAB,BG312,2018,4600,
ESTAT:NAMA_10R_3GDP(1.0),20/02/24 11:00:00,A,EUR_HAB,BG313,2018,7700,
ESTAT:NAMA_10R_3GDP(1.0),20/02/24 11:00:00,A,EUR_HAB,BG314,2018,4500,
ESTAT:NAMA_10R_3GDP(1.0),20/02/24 11:00:00,A,EUR_HAB,BG315,2018,5000,
ESTAT:NAMA_10R_3GDP(1.0),20/02/24 11:00:00,A,EUR_HAB,BG321,2018,5300,
ESTAT:NAMA_10R_3GDP(1.0),20/02/24 11:00:00,A,EUR_HAB,BG322,2018,6900,
ESTAT:NAMA_10R_3GDP(1.0),20/02/24 11:00:00,A,EUR_HAB,BG323,2018,6000,
ESTAT:NAMA_10R_3GDP(1.0),20/02/24 11:00:00,A,EUR_HAB,BG324,2018,5000,
ESTAT:NAMA_10R_3GDP(1.0),20/02/24 11:00:00,A,EUR_HAB,BG325,2018,3600,
ESTAT:NAMA_10R_3GDP(1.0),20/02/24 11:00:00,A,EUR_HAB,BG331,2018,7900,
ESTAT:NAMA_10R_3GDP(1.0),20/02/24 11:00:00,A,EUR_HAB,BG332,2018,4700,
ESTAT:NAMA_10R_3GDP(1.0),20/02/24 11:00:00,A,EUR_HAB,BG333,2018,4800,
ESTAT:NAMA_10R_3GDP(1.0),20/02/24 11:00:00,A,EUR_HAB,BG334,2018,5100,
ESTAT:NAMA_10R_3GDP(1.0),20/02/24 11:00:00,A,EUR_HAB,BG341,2018,6400,
ESTAT:NAMA_10R_3GDP(1.0),20/02/24 11:00:00,A,EUR_HAB,BG342,2018,3900,
ESTAT:NAMA_10R_3GDP(1.0),20/02/24 11:00:00,A,EUR_HAB,BG343,2018,5000,
ESTAT:NAMA_10R_3GDP(1.0),20/02/24 11:00:00,A,EUR_HAB,BG344,2018,8900,
ESTAT:NAMA_10R_3GDP(1.0),20/02/24 11:00:00,A,EUR_HAB,BG411,2018,17100,
ESTAT:NAMA_10R_3GDP(1.0),20/02/24 11:00:00,A,EUR_HAB,BG412,2018,8000,
ESTAT:NAMA_10R_3GDP(1.0),20/02/24 11:00:00,A,EUR_HAB,BG413,2018,5000,
ESTAT:NAMA_10R_3GDP(1.0),20/02/24 11:00:00,A,EUR_HAB,BG414,2018,4700,
ESTAT:NAMA_10R_3GDP(1.0),20/02/24 11:00:00,A,EUR_HAB,BG415,2018,4800,
ESTAT:NAMA_10R_3GDP(1.0),20/02/24 11:00:00,A,EUR_HAB,BG421,2018,6700,
ESTAT:NAMA_10R_3GDP(1.0),20/02/24 11:00:00,A,EUR_HAB,BG422,2018,4400,
ESTAT:NAMA_10R_3GDP(1.0),20/02/24 11:00:00,A,EUR_HAB,BG423,2018,4700,
ESTAT:NAMA_10R_3GDP(1.0),20/02/24 11:00:00,A,EUR_HAB,BG424,2018,5400,
ESTAT:NAMA_10R_3GDP(1.0),20/02/24 11:00:00,A,EUR_HAB,BG425,2018,4300,
ESTAT:NAMA_10R_3GDP(1.0),20/02/24 11:00:00,A,EUR_HAB,CH011,2018,63800,
ESTAT:NAMA_10R_3GDP(1.0),20/02/24 11:00:00,A,EUR_HAB,CH012,2018,49000,
ESTAT:NAMA_10R_3GDP(1.0),20/02/24 11:00:00,A,EUR_HAB,CH013,2018,93800,
ESTAT:NAMA_10R_3GDP(1.0),20/02/24 11:00:00,A,EUR_HAB,CH021,2018,67700,
ESTAT:NAMA_10R_3GDP(1.0),20/02/24 11:00:00,A,EUR_HAB,CH022,2018,52400,
ESTAT:NAMA_10R_3GDP(1.0),20/02/24 11:00:00,A,EUR_HAB,CH023,2018,58700,
ESTAT:NAMA_10R_3GDP(1.0),20/02/24 11:00:00,A,EUR_HAB,CH024,2018,79200,
ESTAT:NAMA_10R_3GDP(1.0),20/02/24 11:00:00,A,EUR_HAB,CH025,2018,59300,
ESTAT:NAMA_10R_3GDP(1.0),20/02/24 11:00:00,A,EUR_HAB,CH031,2018,168600,
ESTAT:NAMA_10R_3GDP(1.0),20/02/24 11:00:00,A,EUR_HAB,CH032,2018,62900,
ESTAT:NAMA_10R_3GDP(1.0),20/02/24 11:00:00,A,EUR_HAB,CH033,2018,56100,
ESTAT:NAMA_10R_3GDP(1.0),20/02/24 11:00:00,A,EUR_HAB,CH040,2018,89500,
ESTAT:NAMA_10R_3GDP(1.0),20/02/24 11:00:00,A,EUR_HAB,CH051,2018,59900,
ESTAT:NAMA_10R_3GDP(1.0),20/02/24 11:00:00,A,EUR_HAB,CH052,2018,75900,
ESTAT:NAMA_10R_3GDP(1.0),20/02/24 11:00:00,A,EUR_HAB,CH053,2018,50500,
ESTAT:NAMA_10R_3GDP(1.0),20/02/24 11:00:00,A,EUR_HAB,CH054,2018,55700,
ESTAT:NAMA_10R_3GDP(1.0),20/02/24 11:00:00,A,EUR_HAB,CH055,2018,65300,
ESTAT:NAMA_10R_3GDP(1.0),20/02/24 11:00:00,A,EUR_HAB,CH056,2018,63400,
ESTAT:NAMA_10R_3GDP(1.0),20/02/24 11:00:00,A,EUR_HAB,CH057,2018,53700,
ESTAT:NAMA_10R_3GDP(1.0),20/02/24 11:00:00,A,EUR_HAB,CH061,2018,59000,
ESTAT:NAMA_10R_3GDP(1.0),20/02/24 11:00:00,A,EUR_HAB,CH062,2018,47100,
ESTAT:NAMA_10R_3GDP(1.0),20/02/24 11:00:00,A,EUR_HAB,CH063,2018,53200,
ESTAT:NAMA_10R_3GDP(1.0),20/02/24 11:00:00,A,EUR_HAB,CH064,2018,58000,
ESTAT:NAMA_10R_3GDP(1.0),20/02/24 11:00:00,A,EUR_HAB,CH065,2018,61500,
ESTAT:NAMA_10R_3GDP(1.0),20/02/24 11:00:00,A,EUR_HAB,CH066,2018,133800,
ESTAT:NAMA_10R_3GDP(1.0),20/02/24 11:00:00,A,EUR_HAB,CH070,2018,74700,
ESTAT:NAMA_10R_3GDP(1.0),20/02/24 11:00:00,A,EUR_HAB,CY000,2018,24900,
ESTAT:NAMA_10R_3GDP(1.0),20/02/24 11:00:00,A,EUR_HAB,CZ010,2018,44300,
ESTAT:NAMA_10R_3GDP(1.0),20/02/24 11:00:00,A,EUR_HAB,CZ020,2018,17600,
ESTAT:NAMA_10R_3GDP(1.0),20/02/24 11:00:00,A,EUR_HAB,CZ031,2018,15900,
ESTAT:NAMA_10R_3GDP(1.0),20/02/24 11:00:00,A,EUR_HAB,CZ032,2018,17900,
ESTAT:NAMA_10R_3GDP(1.0),20/02/24 11:00:00,A,EUR_HAB,CZ041,2018,12700,
ESTAT:NAMA_10R_3GDP(1.0),20/02/24 11:00:00,A,EUR_HAB,CZ042,2018,13900,
ESTAT:NAMA_10R_3GDP(1.0),20/02/24 11:00:00,A,EUR_HAB,CZ051,2018,15100,
ESTAT:NAMA_10R_3GDP(1.0),20/02/24 11:00:00,A,EUR_HAB,CZ052,2018,17500,
ESTAT:NAMA_10R_3GDP(1.0),20/02/24 11:00:00,A,EUR_HAB,CZ053,2018,15900,
ESTAT:NAMA_10R_3GDP(1.0),20/02/24 11:00:00,A,EUR_HAB,CZ063,2018,15700,
ESTAT:NAMA_10R_3GDP(1.0),20/02/24 11:00:00,A,EUR_HAB,CZ064,2018,18700,
ESTAT:NAMA_10R_3GDP(1.0),20/02/24 11:00:00,A,EUR_HAB,CZ071,2018,15300,
ESTAT:NAMA_10R_3GDP(1.0),20/02/24 11:00:00,A,EUR_HAB,CZ072,2018,16600,
ESTAT:NAMA_10R_3GDP(1.0),20/02/24 11:00:00,A,EUR_HAB,CZ080,2018,16200,
ESTAT:NAMA_10R_3GDP(1.0),20/02/24 11:00:00,A,EUR_HAB,DE111,2018,91800,e
ESTAT:NAMA_10R_3GDP(1.0),20/02/24 11:00:00,A,EUR_HAB,DE112,2018,66800,e
ESTAT:NAMA_10R_3GDP(1.0),20/02/24 11:00:00,A,EUR_HAB,DE113,2018,43200,e
ESTAT:NAMA_10R_3GDP(1.0),20/02/24 11:00:00,A,EUR_HAB,DE114,2018,33700,e
ESTAT:NAMA_10R_3GDP(1.0),20/02/24 11:00:00,A,EUR_HAB,DE115,2018,47000,e
ESTAT:NAMA_10R_3GDP(1.0),20/02/24 11:00:00,A,EUR_HAB,DE116,2018,35700,e
ESTAT:NAMA_10R_3GDP(1.0),20/02/24 11:00:00,A,EUR_HAB,DE117,2018,56400,e
ESTAT:NAMA_10R_3GDP(1.0),20/02/24 11:00:00,A,EUR_HAB,DE118,2018,57600,e
ESTAT:NAMA_10R_3GDP(1.0),20/02/24 11:00:00,A,EUR_HAB,DE119,2018,50400,e
ESTAT:NAMA_10R_3GDP(1.0),20/02/24 11:00:00,A,EUR_HAB,DE11A,2018,45700,e
ESTAT:NAMA_10R_3GDP(1.0),20/02/24 11:00:00,A,EUR_HAB,DE11B,2018,39600,e
ESTAT:NAMA_10R_3GDP(1.0),20/02/24 11:00:00,A,EUR_HAB,DE11C,2018,37000,e
ESTAT:NAMA_10R_3GDP(1.0),20/02/24 11:00:00,A,EUR_HAB,DE11D,2018,45000,e
ESTAT:NAMA_10R_3GDP(1.0),20/02/24 11:00:00,A,EUR_HAB,DE121,2018,55400,e
ESTAT:NAMA_10R_3GDP(1.0),20/02/24 11:00:00,A,EUR_HAB,DE122,2018,66900,e
ESTAT:NAMA_10R_3GDP(1.0),20/02/24 11:00:00,A,EUR_HAB,DE123,2018,38100,e
ESTAT:NAMA_10R_3GDP(1.0),20/02/24 11:00:00,A,EUR_HAB,DE124,2018,44300,e
ESTAT:NAMA_10R_3GDP(1.0),20/02/24 11:00:00,A,EUR_HAB,DE125,2018,56900,e
ESTAT:NAMA_10R_3GDP(1.0),20/02/24 11:00:00,A,EUR_HAB,DE126,2018,68500,e
ESTAT:NAMA_10R_3GDP(1.0),20/02/24 11:00:00,A,EUR_HAB,DE127,2018,30900,e
ESTAT:NAMA_10R_3GDP(1.0),20/02/24 11:00:00,A,EUR_HAB,DE128,2018,34900,e
ESTAT:NAMA_10R_3GDP(1.0),20/02/24 11:00:00,A,EUR_HAB,DE129,2018,40800,e
ESTAT:NAMA_10R_3GDP(1.0),20/02/24 11:00:00,A,EUR_HAB,DE12A,2018,29100,e
ESTAT:NAMA_10R_3GDP(1.0),20/02/24 11:00:00,A,EUR_HAB,DE12B,2018,30800,e
ESTAT:NAMA_10R_3GDP(1.0),20/02/24 11:00:00,A,EUR_HAB,DE12C,2018,39900,e
ESTAT:NAMA_10R_3GDP(1.0),20/02/24 11:00:00,A,EUR_HAB,DE131,2018,52200,e
ESTAT:NAMA_10R_3GDP(1.0),20/02/24 11:00:00,A,EUR_HAB,DE132,2018,29800,e
ESTAT:NAMA_10R_3GDP(1.0),20/02/24 11:00:00,A,EUR_HAB,DE133,2018,32700,e
ESTAT:NAMA_10R_3GDP(1.0),20/02/24 11:00:00,A,EUR_HAB,DE134,2018,41300,e
ESTAT:NAMA_10R_3GDP(1.0),20/02/24 11:00:00,A,EUR_HAB,DE135,2018,44200,e
ESTAT:NAMA_10R_3GDP(1.0),20/02/24 11:00:00,A,EUR_HAB,DE136,2018,39600,e
ESTAT:NAMA_10R_3GDP(1.0),20/02/24 11:00:00,A,EUR_HAB,DE137,2018,49500,e
ESTAT:NAMA_10R_3GDP(1.0),20/02/24 11:00:00,A,EUR_HAB,DE138,2018,35100,e
ESTAT:NAMA_10R_3GDP(1.0),20/02/24 11:00:00,A,EUR_HAB,DE139,2018,34000,e
ESTAT:NAMA_10R_3GDP(1.0),20/02/24 11:00:00,A,EUR_HAB,DE13A,2018,31200,e
ESTAT:NAMA_10R_3GDP(1.0),20/02/24 11:00:00,A,EUR_HAB,DE141,2018,40700,e
ESTAT:NAMA_10R_3GDP(1.0),20/02/24 11:00:00,A,EUR_HAB,DE142,2018,34000,e
ESTAT:NAMA_10R_3GDP(1.0),20/02/24 11:00:00,A,EUR_HAB,DE143,2018,35500,e
ESTAT:NAMA_10R_3GDP(1.0),20/02/24 11:00:00,A,EUR_HAB,DE144,2018,77500,e
ESTAT:NAMA_10R_3GDP(1.0),20/02/24 11:00:00,A,EUR_HAB,DE145,2018,32100,e
ESTAT:NAMA_10R_3GDP(1.0),20/02/24 11:00:00,A,EUR_HAB,DE146,2018,52900,e
ESTAT:NAMA_10R_3GDP(1.0),20/02/24 11:00:00,A,EUR_HAB,DE147,2018,51300,e
ESTAT:NAMA_10R_3GDP(1.0),20/02/24 11:00:00,A,EUR_HAB,DE148,2018,45200,e
ESTAT:NAMA_10R_3GDP(1.0),20/02/24 11:00:00,A,EUR_HAB,DE149,2018,38300,e
ESTAT:NAMA_10R_3GDP(1.0),20/02/24 11:00:00,A,EUR_HAB,DE211,2018,127400,e
ESTAT:NAMA_10R_3GDP(1.0),20/02/24 11:00:00,A,EUR_HAB,DE212,2018,81000,e
ESTAT:NAMA_10R_3GDP(1.0),20/02/24 11:00:00,A,EUR_HAB,DE213,2018,52300,e
ESTAT:NAMA_10R_3GDP(1.0),20/02/24 11:00:00,A,EUR_HAB,DE214,2018,49500,e
ESTAT:NAMA_10R_3GDP(1.0),20/02/24 11:00:00,A,EUR_HAB,DE215,2018,33200,e
ESTAT:NAMA_10R_3GDP(1.0),20/02/24 11:00:00,A,EUR_HAB,DE216,2018,30000,e
ESTAT:NAMA_10R_3GDP(1.0),20/02/24 11:00:00,A,EUR_HAB,DE217,2018,29300,e
ESTAT:NAMA_10R_3GDP(1.0),20/02/24 11:00:00,A,EUR_HAB,DE218,2018,33100,e
ESTAT:NAMA_10R_3GDP(1.0),20/02/24 11:00:00,A,EUR_HAB,DE219,2018,35700,e
ESTAT:NAMA_10R_3GDP(1.0),20/02/24 11:00:00,A,EUR_HAB,DE21A,2018,30900,e
ESTAT:NAMA_10R_3GDP(1.0),20/02/24 11:00:00,A,EUR_HAB,DE21B,2018,50100,e
ESTAT:NAMA_10R_3GDP(1.0),20/02/24 11:00:00,A,EUR_HAB,DE21C,2018,27100,e
ESTAT:NAMA_10R_3GDP(1.0),20/02/24 11:00:00,A,EUR_HAB,DE21D,2018,30300,e
ESTAT:NAMA_10R_3GDP(1.0),20/02/24 11:00:00,A,EUR_HAB,DE21E,2018,34800,e
ESTAT:NAMA_10R_3GDP(1.0),20/02/24 11:00:00,A,EUR_HAB,DE21F,2018,36700,e
ESTAT:NAMA_10R_3GDP(1.0),20/02/24 11:00:00,A,EUR_HAB,DE21G,2018,34600,e
ESTAT:NAMA_10R_3GDP(1.0),20/02/24 11:00:00,A,EUR_HAB,DE21H,2018,111300,e
ESTAT:NAMA_10R_3GDP(1.0),20/02/24 11:00:00,A,EUR_HAB,DE21I,2018,37600,e
ESTAT:NAMA_10R_3GDP(1.0),20/02/24 11:00:00,A,EUR_HAB,DE21J,2018,36700,e
ESTAT:NAMA_10R_3GDP(1.0),20/02/24 11:00:00,A,EUR_HAB,DE21K,2018,32900,e
ESTAT:NAMA_10R_3GDP(1.0),20/02/24 11:00:00,A,EUR_HAB,DE21L,2018,45500,e
ESTAT:NAMA_10R_3GDP(1.0),20/02/24 11:00:00,A,EUR_HAB,DE21M,2018,41000,e
ESTAT:NAMA_10R_3GDP(1.0),20/02/24 11:00:00,A,EUR_HAB,DE21N,2018,41400,e
ESTAT:NAMA_10R_3GDP(1.0),20/02/24 11:00:00,A,EUR_HAB,DE221,2018,59000,e
ESTAT:NAMA_10R_3GDP(1.0),20/02/24 11:00:00,A,EUR_HAB,DE222,2018,67900,e
ESTAT:NAMA_10R_3GDP(1.0),20/02/24 11:00:00,A,EUR_HAB,DE223,2018,53200,e
ESTAT:NAMA_10R_3GDP(1.0),20/02/24 11:00:00,A,EUR_HAB,DE224,2018,40900,e
ESTAT:NAMA_10R_3GDP(1.0),20/02/24 11:00:00,A,EUR_HAB,DE225,2018,30500,e
ESTAT:NAMA_10R_3GDP(1.0),20/02/24 11:00:00,A,EUR_HAB,DE226,2018,32000,e
ESTAT:NAMA_10R_3GDP(1.0),20/02/24 11:00:00,A,EUR_HAB,DE227,2018,37200,e
ESTAT:NAMA_10R_3GDP(1.0),20/02/24 11:00:00,A,EUR_HAB,DE228,2018,30800,e
ESTAT:NAMA_10R_3GDP(1.0),20/02/24 11:00:00,A,EUR_HAB,DE229,2018,32900,e
ESTAT:NAMA_10R_3GDP(1.0),20/02/24 11:00:00,A,EUR_HAB,DE22A,2018,33600,e
ESTAT:NAMA_10R_3GDP(1.0),20/02/24 11:00:00,A,EUR_HAB,DE22B,2018,27900,e
ESTAT:NAMA_10R_3GDP(1.0),20/02/24 11:00:00,A,EUR_HAB,DE22C,2018,60600,e
ESTAT:NAMA_10R_3GDP(1.0),20/02/24 11:00:00,A,EUR_HAB,DE231,2018,61600,e
ESTAT:NAMA_10R_3GDP(1.0),20/02/24 11:00:00,A,EUR_HAB,DE232,2018,87300,e
ESTAT:NAMA_10R_3GDP(1.0),20/02/24 11:00:00,A,EUR_HAB,DE233,2018,55600,e
ESTAT:NAMA_10R_3GDP(1.0),20/02/24 11:00:00,A,EUR_HAB,DE234,2018,27900,e
ESTAT:NAMA_10R_3GDP(1.0),20/02/24 11:00:00,A,EUR_HAB,DE235,2018,37600,e
ESTAT:NAMA_10R_3GDP(1.0),20/02/24 11:00:00,A,EUR_HAB,DE236,2018,39100,e
ESTAT:NAMA_10R_3GDP(1.0),20/02/24 11:00:00,A,EUR_HAB,DE237,2018,32500,e
ESTAT:NAMA_10R_3GDP(1.0),20/02/24 11:00:00,A,EUR_HAB,DE238,2018,25600,e
ESTAT:NAMA_10R_3GDP(1.0),20/02/24 11:00:00,A,EUR_HAB,DE239,2018,36600,e
ESTAT:NAMA_10R_3GDP(1.0),20/02/24 11:00:00,A,EUR_HAB,DE23A,2018,36600,e
ESTAT:NAMA_10R_3GDP(1.0),20/02/24 11:00:00,A,EUR_HAB,DE241,2018,64000,e
ESTAT:NAMA_10R_3GDP(1.0),20/02/24 11:00:00,A,EUR_HAB,DE242,2018,64900,e
ESTAT:NAMA_10R_3GDP(1.0),20/02/24 11:00:00,A,EUR_HAB,DE243,2018,96700,e
ESTAT:NAMA_10R_3GDP(1.0),20/02/24 11:00:00,A,EUR_HAB,DE244,2018,42700,e
ESTAT:NAMA_10R_3GDP(1.0),20/02/24 11:00:00,A,EUR_HAB,DE245,2018,26200,e
ESTAT:NAMA_10R_3GDP(1.0),20/02/24 11:00:00,A,EUR_HAB,DE246,2018,21900,e
ESTAT:NAMA_10R_3GDP(1.0),20/02/24 11:00:00,A,EUR_HAB,DE247,2018,27400,e
ESTAT:NAMA_10R_3GDP(1.0),20/02/24 11:00:00,A,EUR_HAB,DE248,2018,30800,e
ESTAT:NAMA_10R_3GDP(1.0),20/02/24 11:00:00,A,EUR_HAB,DE249,2018,35200,e
ESTAT:NAMA_10R_3GDP(1.0),20/02/24 11:00:00,A,EUR_HAB,DE24A,2018,32800,e
ESTAT:NAMA_10R_3GDP(1.0),20/02/24 11:00:00,A,EUR_HAB,DE24B,2018,35300,e
ESTAT:NAMA_10R_3GDP(1.0),20/02/24 11:00:00,A,EUR_HAB,DE24C,2018,36500,e
ESTAT:NAMA_10R_3GDP(1.0),20/02/24 11:00:00,A,EUR_HAB,DE24D,2018,35100,e
ESTAT:NAMA_10R_3GDP(1.0),20/02/24 11:00:00,A,EUR_HAB,DE251,2018,58400,e
ESTAT:NAMA_10R_3GDP(1.0),20/02/24 11:00:00,A,EUR_HAB,DE252,2018,97200,e
ESTAT:NAMA_10R_3GDP(1.0),20/02/24 11:00:00,A,EUR_HAB,DE253,2018,37800,e
ESTAT:NAMA_10R_3GDP(1.0),20/02/24 11:00:00,A,EUR_HAB,DE254,2018,61300,e
ESTAT:NAMA_10R_3GDP(1.0),20/02/24 11:00:00,A,EUR_HAB,DE255,2018,36700,e
ESTAT:NAMA_10R_3GDP(1.0),20/02/24 11:00:00,A,EUR_HAB,DE256,2018,31400,e
ESTAT:NAMA_10R_3GDP(1.0),20/02/24 11:00:00,A,EUR_HAB,DE257,2018,38600,e
ESTAT:NAMA_10R_3GDP(1.0),20/02/24 11:00:00,A,EUR_HAB,DE258,2018,23600,e
ESTAT:NAMA_10R_3GDP(1.0),20/02/24 11:00:00,A,EUR_HAB,DE259,2018,31900,e
ESTAT:NAMA_10R_3GDP(1.0),20/02/24 11:00:00,A,EUR_HAB,DE25A,2018,30100,e
ESTAT:NAMA_10R_3GDP(1.0),20/02/24 11:00:00,A,EUR_HAB,DE25B,2018,29700,e
ESTAT:NAMA_10R_3GDP(1.0),20/02/24 11:00:00,A,EUR_HAB,DE25C,2018,31800,e
ESTAT:NAMA_10R_3GDP(1.0),20/02/24 11:00:00,A,EUR_HAB,DE261,2018,72700,e
ESTAT:NAMA_10R_3GDP(1.0),20/02/24 11:00:00,A,EUR_HAB,DE262,2018,105300,e
ESTAT:NAMA_10R_3GDP(1.0),20/02/24 11:00:00,A,EUR_HAB,DE263,2018,64500,e
ESTAT:NAMA_10R_3GDP(1.0),20/02/24 11:00:00,A,EUR_HAB,DE264,2018,33900,e
ESTAT:NAMA_10R_3GDP(1.0),20/02/24 11:00:00,A,EUR_HAB,DE265,2018,32500,e
ESTAT:NAMA_10R_3GDP(1.0),20/02/24 11:00:00,A,EUR_HAB,DE266,2018,41200,e
ESTAT:NAMA_10R_3GDP(1.0),20/02/24 11:00:00,A,EUR_HAB,DE267,2018,32300,e
ESTAT:NAMA_10R_3GDP(1.0),20/02/24 11:00:00,A,EUR_HAB,DE268,2018,35200,e
ESTAT:NAMA_10R_3GDP(1.0),20/02/24 11:00:00,A,EUR_HAB,DE269,2018,34600,e
ESTAT:NAMA_10R_3GDP(1.0),20/02/24 11:00:00,A,EUR_HAB,DE26A,2018,36900,e
ESTAT:NAMA_10R_3GDP(1.0),20/02/24 11:00:00,A,EUR_HAB,DE26B,2018,22400,e
ESTAT:NAMA_10R_3GDP(1.0),20/02/24 11:00:00,A,EUR_HAB,DE26C,2018,28800,e
ESTAT:NAMA_10R_3GDP(1.0),20/02/24 11:00:00,A,EUR_HAB,DE271,2018,49300,e
ESTAT:NAMA_10R_3GDP(1.0),20/02/24 11:00:00,A,EUR_HAB,DE272,2018,39200,e
ESTAT:NAMA_10R_3GDP(1.0),20/02/24 11:00:00,A,EUR_HAB,DE273,2018,52900,e
ESTAT:NAMA_10R_3GDP(1.0),20/02/24 11:00:00,A,EUR_HAB,DE274,2018,60800,e
ESTAT:NAMA_10R_3GDP(1.0),20/02/24 11:00:00,A,EUR_HAB,DE275,2018,27900,e
ESTAT:NAMA_10R_3GDP(1.0),20/02/24 11:00:00,A,EUR_HAB,DE276,2018,30900,e
ESTAT:NAMA_10R_3GDP(1.0),20/02/24 11:00:00,A,EUR_HAB,DE277,2018,35700,e
ESTAT:NAMA_10R_3GDP(1.0),20/02/24 11:00:00,A,EUR_HAB,DE278,2018,45700,e
ESTAT:NAMA_10R_3GDP(1.0),20/02/24 11:00:00,A,EUR_HAB,DE279,2018,39300,e
ESTAT:NAMA_10R_3GDP(1.0),20/02/24 11:00:00,A,EUR_HAB,DE27A,2018,38100,e
ESTAT:NAMA_10R_3GDP(1.0),20/02/24 11:00:00,A,EUR_HAB,DE27B,2018,36200,e
ESTAT:NAMA_10R_3GDP(1.0),20/02/24 11:00:00,A,EUR_HAB,DE27C,2018,38300,e
ESTAT:NAMA_10R_3GDP(1.0),20/02/24 11:00:00,A,EUR_HAB,DE27D,2018,49800,e
ESTAT:NAMA_10R_3GDP(1.0),20/02/24 11:00:00,A,EUR_HAB,DE27E,2018,32900,e
ESTAT:NAMA_10R_3GDP(1.0),20/02/24 11:00:00,A,EUR_HAB,DE300,2018,41300,e
ESTAT:NAMA_10R_3GDP(1.0),20/02/24 11:00:00,A,EUR_HAB,DE401,2018,32400,e
ESTAT:NAMA_10R_3GDP(1.0),20/02/24 11:00:00,A,EUR_HAB,DE402,2018,35300,e
ESTAT:NAMA_10R_3GDP(1.0),20/02/24 11:00:00,A,EUR_HAB,DE403,2018,37300,e
ESTAT:NAMA_10R_3GDP(1.0),20/02/24 11:00:00,A,EUR_HAB,DE404,2018,43000,e
ESTAT:NAMA_10R_3GDP(1.0),20/02/24 11:00:00,A,EUR_HAB,DE405,2018,22300,e
ESTAT:NAMA_10R_3GDP(1.0),20/02/24 11:00:00,A,EUR_HAB,DE406,2018,33400,e
ESTAT:NAMA_10R_3GDP(1.0),20/02/24 11:00:00,A,EUR_HAB,DE407,2018,24800,e
ESTAT:NAMA_10R_3GDP(1.0),20/02/24 11:00:00,A,EUR_HAB,DE408,2018,21200,e
ESTAT:NAMA_10R_3GDP(1.0),20/02/24 11:00:00,A,EUR_HAB,DE409,2018,21500,e
ESTAT:NAMA_10R_3GDP(1.0),20/02/24 11:00:00,A,EUR_HAB,DE40A,2018,26300,e
ESTAT:NAMA_10R_3GDP(1.0),20/02/24 11:00:00,A,EUR_HAB,DE40B,2018,28400,e
ESTAT:NAMA_10R_3GDP(1.0),20/02/24 11:00:00,A,EUR_HAB,DE40C,2018,26500,e
ESTAT:NAMA_10R_3GDP(1.0),20/02/24 11:00:00,A,EUR_HAB,DE40D,2018,26700,e
ESTAT:NAMA_10R_3GDP(1.0),20/02/24 11:00:00,A,EUR_HAB,DE40E,2018,25800,e
ESTAT:NAMA_10R_3GDP(1.0),20/02/24 11:00:00,A,EUR_HAB,DE40F,2018,26600,e
ESTAT:NAMA_10R_3GDP(1.0),20/02/24 11:00:00,A,EUR_HAB,DE40G,2018,35700,e
ESTAT:NAMA_10R_3GDP(1.0),20/02/24 11:00:00,A,EUR_HAB,DE40H,2018,35700,e
ESTAT:NAMA_10R_3GDP(1.0),20/02/24 11:00:00,A,EUR_HAB,DE40I,2018,29800,e
ESTAT:NAMA_10R_3GDP(1.0),20/02/24 11:00:00,A,EUR_HAB,DE501,2018,50800,e
ESTAT:NAMA_10R_3GDP(1.0),20/02/24 11:00:00,A,EUR_HAB,DE502,2018,35500,e
ESTAT:NAMA_10R_3GDP(1.0),20/02/24 11:00:00,A,EUR_HAB,DE600,2018,64800,e
ESTAT:NAMA_10R_3GDP(1.0),20/02/24 11:00:00,A,EUR_HAB,DE711,2018,78700,e
ESTAT:NAMA_10R_3GDP(1.0),20/02/24 11:00:00,A,EUR_HAB,DE712,2018,94600,e
ESTAT:NAMA_10R_3GDP(1.0),20/02/24 11:00:00,A,EUR_HAB,DE713,2018,37100,e
ESTAT:NAMA_10R_3GDP(1.0),20/02/24 11:00:00,A,EUR_HAB,DE714,2018,63300,e
ESTAT:NAMA_10R_3GDP(1.0),20/02/24 11:00:00,A,EUR_HAB,DE715,2018,28900,e
ESTAT:NAMA_10R_3GDP(1.0),20/02/24 11:00:00,A,EUR_HAB,DE716,2018,28900,e
ESTAT:NAMA_10R_3GDP(1.0),20/02/24 11:00:00,A,EUR_HAB,DE717,2018,45800,e
ESTAT:NAMA_10R_3GDP(1.0),20/02/24 11:00:00,A,EUR_HAB,DE718,2018,49200,e
ESTAT:NAMA_10R_3GDP(1.0),20/02/24 11:00:00,A,EUR_HAB,DE719,2018,36700,e
ESTAT:NAMA_10R_3GDP(1.0),20/02/24 11:00:00,A,EUR_HAB,DE71A,2018,54800,e
ESTAT:NAMA_10R_3GDP(1.0),20/02/24 11:00:00,A,EUR_HAB,DE71B,2018,26400,e
ESTAT:NAMA_10R_3GDP(1.0),20/02/24 11:00:00,A,EUR_HAB,DE71C,2018,41200,e
ESTAT:NAMA_10R_3GDP(1.0),20/02/24 11:00:00,A,EUR_HAB,DE71D,2018,25300,e
ESTAT:NAMA_10R_3GDP(1.0),20/02/24 11:00:00,A,EUR_HAB,DE71E,2018,29700,e
ESTAT:NAMA_10R_3GDP(1.0),20/02/24 11:00:00,A,EUR_HAB,DE721,2018,36500,e
ESTAT:NAMA_10R_3GDP(1.0),20/02/24 11:00:00,A,EUR_HAB,DE722,2018,34400,e
ESTAT:NAMA_10R_3GDP(1.0),20/02/24 11:00:00,A,EUR_HAB,DE723,2018,30900,e
ESTAT:NAMA_10R_3GDP(1.0),20/02/24 11:00:00,A,EUR_HAB,DE724,2018,38600,e
ESTAT:NAMA_10R_3GDP(1.0),20/02/24 11:00:00,A,EUR_HAB,DE725,2018,27300,e
ESTAT:NAMA_10R_3GDP(1.0),20/02/24 11:00:00,A,EUR_HAB,DE731,2018,51600,e
ESTAT:NAMA_10R_3GDP(1.0),20/02/24 11:00:00,A,EUR_HAB,DE732,2018,37800,e
ESTAT:NAMA_10R_3GDP(1.0),20/02/24 11:00:00,A,EUR_HAB,DE733,2018,36600,e
ESTAT:NAMA_10R_3GDP(1.0),20/02/24 11:00:00,A,EUR_HAB,DE734,2018,30400,e
ESTAT:NAMA_10R_3GDP(1.0),20/02/24 11:00:00,A,EUR_HAB,DE735,2018,30900,e
ESTAT:NAMA_10R_3GDP(1.0),20/02/24 11:00:00,A,EUR_HAB,DE736,2018,37800,e
ESTAT:NAMA_10R_3GDP(1.0),20/02/24 11:00:00,A,EUR_HAB,DE737,2018,25100,e
ESTAT:NAMA_10R_3GDP(1.0),20/02/24 11:00:00,A,EUR_HAB,DE803,2018,36100,e
ESTAT:NAMA_10R_3GDP(1.0),20/02/24 11:00:00,A,EUR_HAB,DE804,2018,39300,e
ESTAT:NAMA_10R_3GDP(1.0),20/02/24 11:00:00,A,EUR_HAB,DE80J,2018,27400,e
ESTAT:NAMA_10R_3GDP(1.0),20/02/24 11:00:00,A,EUR_HAB,DE80K,2018,25400,e
ESTAT:NAMA_10R_3GDP(1.0),20/02/24 11:00:00,A,EUR_HAB,DE80L,2018,24800,e
ESTAT:NAMA_10R_3GDP(1.0),20/02/24 11:00:00,A,EUR_HAB,DE80M,2018,24000,e
ESTAT:NAMA_10R_3GDP(1.0),20/02/24 11:00:00,A,EUR_HAB,DE80N,2018,25000,e
ESTAT:NAMA_10R_3GDP(1.0),20/02/24 11:00:00,A,EUR_HAB,DE80O,2018,24500,e
ESTAT:NAMA_10R_3GDP(1.0),20/02/24 11:00:00,A,EUR_HAB,DE911,2018,75200,e
ESTAT:NAMA_10R_3GDP(1.0),20/02/24 11:00:00,A,EUR_HAB,DE912,2018,56500,e
ESTAT:NAMA_10R_3GDP(1.0),20/02/24 11:00:00,A,EUR_HAB,DE913,2018,184200,e
ESTAT:NAMA_10R_3GDP(1.0),20/02/24 11:00:00,A,EUR_HAB,DE914,2018,21000,e
ESTAT:NAMA_10R_3GDP(1.0),20/02/24 11:00:00,A,EUR_HAB,DE916,2018,29800,e
ESTAT:NAMA_10R_3GDP(1.0),20/02/24 11:00:00,A,EUR_HAB,DE917,2018,20600,e
ESTAT:NAMA_10R_3GDP(1.0),20/02/24 11:00:00,A,EUR_HAB,DE918,2018,28600,e
ESTAT:NAMA_10R_3GDP(1.0),20/02/24 11:00:00,A,EUR_HAB,DE91A,2018,22300,e
ESTAT:NAMA_10R_3GDP(1.0),20/02/24 11:00:00,A,EUR_HAB,DE91B,2018,20300,e
ESTAT:NAMA_10R_3GDP(1.0),20/02/24 11:00:00,A,EUR_HAB,DE91C,2018,35600,e
ESTAT:NAMA_10R_3GDP(1.0),20/02/24 11:00:00,A,EUR_HAB,DE922,2018,30200,e
ESTAT:NAMA_10R_3GDP(1.0),20/02/24 11:00:00,A,EUR_HAB,DE923,2018,34600,e
ESTAT:NAMA_10R_3GDP(1.0),20/02/24 11:00:00,A,EUR_HAB,DE925,2018,28400,e
ESTAT:NAMA_10R_3GDP(1.0),20/02/24 11:00:00,A,EUR_HAB,DE926,2018,31200,e
ESTAT:NAMA_10R_3GDP(1.0),20/02/24 11:00:00,A,EUR_HAB,DE927,2018,30600,e
ESTAT:NAMA_10R_3GDP(1.0),20/02/24 11:00:00,A,EUR_HAB,DE928,2018,26100,e
ESTAT:NAMA_10R_3GDP(1.0),20/02/24 11:00:00,A,EUR_HAB,DE929,2018,46000,e
ESTAT:NAMA_10R_3GDP(1.0),20/02/24 11:00:00,A,EUR_HAB,DE931,2018,30100,e
ESTAT:NAMA_10R_3GDP(1.0),20/02/24 11:00:00,A,EUR_HAB,DE932,2018,23400,e
ESTAT:NAMA_10R_3GDP(1.0),20/02/24 11:00:00,A,EUR_HAB,DE933,2018,24200,e
ESTAT:NAMA_10R_3GDP(1.0),20/02/24 11:00:00,A,EUR_HAB,DE934,2018,26000,e
ESTAT:NAMA_10R_3GDP(1.0),20/02/24 11:00:00,A,EUR_HAB,DE935,2018,28300,e
ESTAT:NAMA_10R_3GDP(1.0),20/02/24 11:00:00,A,EUR_HAB,DE936,2018,20600,e
ESTAT:NAMA_10R_3GDP(1.0),20/02/24 11:00:00,A,EUR_HAB,DE937,2018,32000,e
ESTAT:NAMA_10R_3GDP(1.0),20/02/24 11:00:00,A,EUR_HAB,DE938,2018,34000,e
ESTAT:NAMA_10R_3GDP(1.0),20/02/24 11:00:00,A,EUR_HAB,DE939,2018,30500,e
ESTAT:NAMA_10R_3GDP(1.0),20/02/24 11:00:00,A,EUR_HAB,DE93A,2018,27800,e
ESTAT:NAMA_10R_3GDP(1.0),20/02/24 11:00:00,A,EUR_HAB,DE93B,2018,30900,e
ESTAT:NAMA_10R_3GDP(1.0),20/02/24 11:00:00,A,EUR_HAB,DE941,2018,23000,e
ESTAT:NAMA_10R_3GDP(1.0),20/02/24 11:00:00,A,EUR_HAB,DE942,2018,73200,e
ESTAT:NAMA_10R_3GDP(1.0),20/02/24 11:00:00,A,EUR_HAB,DE943,2018,47100,e
ESTAT:NAMA_10R_3GDP(1.0),20/02/24 11:00:00,A,EUR_HAB,DE944,2018,50000,e
ESTAT:NAMA_10R_3GDP(1.0),20/02/24 11:00:00,A,EUR_HAB,DE945,2018,42200,e
ESTAT:NAMA_10R_3GDP(1.0),20/02/24 11:00:00,A,EUR_HAB,DE946,2018,30900,e
ESTAT:NAMA_10R_3GDP(1.0),20/02/24 11:00:00,A,EUR_HAB,DE947,2018,26400,e
ESTAT:NAMA_10R_3GDP(1.0),20/02/24 11:00:00,A,EUR_HAB,DE948,2018,33700,e
ESTAT:NAMA_10R_3GDP(1.0),20/02/24 11:00:00,A,EUR_HAB,DE949,2018,41800,e
ESTAT:NAMA_10R_3GDP(1.0),20/02/24 11:00:00,A,EUR_HAB,DE94A,2018,27300,e
ESTAT:NAMA_10R_3GDP(1.0),20/02/24 11:00:00,A,EUR_HAB,DE94B,2018,31800,e
ESTAT:NAMA_10R_3GDP(1.0),20/02/24 11:00:00,A,EUR_HAB,DE94C,2018,25700,e
ESTAT:NAMA_10R_3GDP(1.0),20/02/24 11:00:00,A,EUR_HAB,DE94D,2018,24500,e
ESTAT:NAMA_10R_3GDP(1.0),20/02/24 11:00:00,A,EUR_HAB,DE94E,2018,30300,e
ESTAT:NAMA_10R_3GDP(1.0),20/02/24 11:00:00,A,EUR_HAB,DE94F,2018,44600,e
ESTAT:NAMA_10R_3GDP(1.0),20/02/24 11:00:00,A,EUR_HAB,DE94G,2018,32300,e
ESTAT:NAMA_10R_3GDP(1.0),20/02/24 11:00:00,A,EUR_HAB,DE94H,2018,25800,e
ESTAT:NAMA_10R_3GDP(1.0),20/02/24 11:00:00,A,EUR_HAB,DEA11,2018,83400,e
ESTAT:NAMA_10R_3GDP(1.0),20/02/24 11:00:00,A,EUR_HAB,DEA12,2018,36400,e
ESTAT:NAMA_10R_3GDP(1.0),20/02/24 11:00:00,A,EUR_HAB,DEA13,2018,44200,e
ESTAT:NAMA_10R_3GDP(1.0),20/02/24 11:00:00,A,EUR_HAB,DEA14,2018,41400,e
ESTAT:NAMA_10R_3GDP(1.0),20/02/24 11:00:00,A,EUR_HAB,DEA15,2018,34100,e
ESTAT:NAMA_10R_3GDP(1.0),20/02/24 11:00:00,A,EUR_HAB,DEA16,2018,36400,e
ESTAT:NAMA_10R_3GDP(1.0),20/02/24 11:00:00,A,EUR_HAB,DEA17,2018,27600,e
ESTAT:NAMA_10R_3GDP(1.0),20/02/24 11:00:00,A,EUR_HAB,DEA18,2018,36200,e
ESTAT:NAMA_10R_3GDP(1.0),20/02/24 11:00:00,A,EUR_HAB,DEA19,2018,32000,e
ESTAT:NAMA_10R_3GDP(1.0),20/02/24 11:00:00,A,EUR_HAB,DEA1A,2018,36900,e
ESTAT:NAMA_10R_3GDP(1.0),20/02/24 11:00:00,A,EUR_HAB,DEA1B,2018,30600,e
ESTAT:NAMA_10R_3GDP(1.0),20/02/24 11:00:00,A,EUR_HAB,DEA1C,2018,40900,e
ESTAT:NAMA_10R_3GDP(1.0),20/02/24 11:00:00,A,EUR_HAB,DEA1D,2018,40900,e
ESTAT:NAMA_10R_3GDP(1.0),20/02/24 11:00:00,A,EUR_HAB,DEA1E,2018,28700,e
ESTAT:NAMA_10R_3GDP(1.0),20/02/24 11:00:00,A,EUR_HAB,DEA1F,2018,28800,e
ESTAT:NAMA_10R_3GDP(1.0),20/02/24 11:00:00,A,EUR_HAB,DEA22,2018,81200,e
ESTAT:NAMA_10R_3GDP(1.0),20/02/24 11:00:00,A,EUR_HAB,DEA23,2018,60300,e
ESTAT:NAMA_10R_3GDP(1.0),20/02/24 11:00:00,A,EUR_HAB,DEA24,2018,51900,e
ESTAT:NAMA_10R_3GDP(1.0),20/02/24 11:00:00,A,EUR_HAB,DEA26,2018,29700,e
ESTAT:NAMA_10R_3GDP(1.0),20/02/24 11:00:00,A,EUR_HAB,DEA27,2018,35800,e
ESTAT:NAMA_10R_3GDP(1.0),20/02/24 11:00:00,A,EUR_HAB,DEA28,2018,28000,e
ESTAT:NAMA_10R_3GDP(1.0),20/02/24 11:00:00,A,EUR_HAB,DEA29,2018,25900,e
ESTAT:NAMA_10R_3GDP(1.0),20/02/24 11:00:00,A,EUR_HAB,DEA2A,2018,36000,e
ESTAT:NAMA_10R_3GDP(1.0),20/02/24 11:00:00,A,EUR_HAB,DEA2B,2018,28100,e
ESTAT:NAMA_10R_3GDP(1.0),20/02/24 11:00:00,A,EUR_HAB,DEA2C,2018,28200,e
ESTAT:NAMA_10R_3GDP(1.0),20/02/24 11:00:00,A,EUR_HAB,DEA2D,2018,38200,e
ESTAT:NAMA_10R_3GDP(1.0),20/02/24 11:00:00,A,EUR_HAB,DEA31,2018,23700,e
ESTAT:NAMA_10R_3GDP(1.0),20/02/24 11:00:00,A,EUR_HAB,DEA32,2018,30800,e
ESTAT:NAMA_10R_3GDP(1.0),20/02/24 11:00:00,A,EUR_HAB,DEA33,2018,55700,e
ESTAT:NAMA_10R_3GDP(1.0),20/02/24 11:00:00,A,EUR_HAB,DEA34,2018,37500,e
ESTAT:NAMA_10R_3GDP(1.0),20/02/24 11:00:00,A,EUR_HAB,DEA35,2018,28700,e
ESTAT:NAMA_10R_3GDP(1.0),20/02/24 11:00:00,A,EUR_HAB,DEA36,2018,26300,e
ESTAT:NAMA_10R_3GDP(1.0),20/02/24 11:00:00,A,EUR_HAB,DEA37,2018,32900,e
ESTAT:NAMA_10R_3GDP(1.0),20/02/24 11:00:00,A,EUR_HAB,DEA38,2018,31100,e
ESTAT:NAMA_10R_3GDP(1.0),20/02/24 11:00:00,A,EUR_HAB,DEA41,2018,41400,e
ESTAT:NAMA_10R_3GDP(1.0),20/02/24 11:00:00,A,EUR_HAB,DEA42,2018,48000,e
ESTAT:NAMA_10R_3GDP(1.0),20/02/24 11:00:00,A,EUR_HAB,DEA43,2018,33800,e
ESTAT:NAMA_10R_3GDP(1.0),20/02/24 11:00:00,A,EUR_HAB,DEA44,2018,28400,e
ESTAT:NAMA_10R_3GDP(1.0),20/02/24 11:00:00,A,EUR_HAB,DEA45,2018,30600,e
ESTAT:NAMA_10R_3GDP(1.0),20/02/24 11:00:00,A,EUR_HAB,DEA46,2018,41700,e
ESTAT:NAMA_10R_3GDP(1.0),20/02/24 11:00:00,A,EUR_HAB,DEA47,2018,36200,e
ESTAT:NAMA_10R_3GDP(1.0),20/02/24 11:00:00,A,EUR_HAB,DEA51,2018,33600,e
ESTAT:NAMA_10R_3GDP(1.0),20/02/24 11:00:00,A,EUR_HAB,DEA52,2018,39400,e
ESTAT:NAMA_10R_3GDP(1.0),20/02/24 11:00:00,A,EUR_HAB,DEA53,2018,35000,e
ESTAT:NAMA_10R_3GDP(1.0),20/02/24 11:00:00,A,EUR_HAB,DEA54,2018,29200,e
ESTAT:NAMA_10R_3GDP(1.0),20/02/24 11:00:00,A,EUR_HAB,DEA55,2018,24800,e
ESTAT:NAMA_10R_3GDP(1.0),20/02/24 11:00:00,A,EUR_HAB,DEA56,2018,30500,e
ESTAT:NAMA_10R_3GDP(1.0),20/02/24 11:00:00,A,EUR_HAB,DEA57,2018,36900,e
ESTAT:NAMA_10R_3GDP(1.0),20/02/24 11:00:00,A,EUR_HAB,DEA58,2018,37000,e
ESTAT:NAMA_10R_3GDP(1.0),20/02/24 11:00:00,A,EUR_HAB,DEA59,2018,41100,e
ESTAT:NAMA_10R_3GDP(1.0),20/02/24 11:00:00,A,EUR_HAB,DEA5A,2018,40800,e
ESTAT:NAMA_10R_3GDP(1.0),20/02/24 11:00:00,A,EUR_HAB,DEA5B,2018,35900,e
ESTAT:NAMA_10R_3GDP(1.0),20/02/24 11:00:00,A,EUR_HAB,DEA5C,2018,31300,e
ESTAT:NAMA_10R_3GDP(1.0),20/02/24 11:00:00,A,EUR_HAB,DEB11,2018,68300,e
ESTAT:NAMA_10R_3GDP(1.0),20/02/24 11:00:00,A,EUR_HAB,DEB12,2018,26500,e
ESTAT:NAMA_10R_3GDP(1.0),20/02/24 11:00:00,A,EUR_HAB,DEB13,2018,27300,e
ESTAT:NAMA_10R_3GDP(1.0),20/02/24 11:00:00,A,EUR_HAB,DEB14,2018,29800,e
ESTAT:NAMA_10R_3GDP(1.0),20/02/24 11:00:00,A,EUR_HAB,DEB15,2018,29400,e
ESTAT:NAMA_10R_3GDP(1.0),20/02/24 11:00:00,A,EUR_HAB,DEB17,2018,31200,e
ESTAT:NAMA_10R_3GDP(1.0),20/02/24 11:00:00,A,EUR_HAB,DEB18,2018,33000,e
ESTAT:NAMA_10R_3GDP(1.0),20/02/24 11:00:00,A,EUR_HAB,DEB1A,2018,26600,e
ESTAT:NAMA_10R_3GDP(1.0),20/02/24 11:00:00,A,EUR_HAB,DEB1B,2018,33600,e
ESTAT:NAMA_10R_3GDP(1.0),20/02/24 11:00:00,A,EUR_HAB,DEB1C,2018,30800,e
ESTAT:NAMA_10R_3GDP(1.0),20/02/24 11:00:00,A,EUR_HAB,DEB1D,2018,36100,e
ESTAT:NAMA_10R_3GDP(1.0),20/02/24 11:00:00,A,EUR_HAB,DEB21,2018,44000,e
ESTAT:NAMA_10R_3GDP(1.0),20/02/24 11:00:00,A,EUR_HAB,DEB22,2018,31300,e
ESTAT:NAMA_10R_3GDP(1.0),20/02/24 11:00:00,A,EUR_HAB,DEB23,2018,28700,e
ESTAT:NAMA_10R_3GDP(1.0),20/02/24 11:00:00,A,EUR_HAB,DEB24,2018,33200,e
ESTAT:NAMA_10R_3GDP(1.0),20/02/24 11:00:00,A,EUR_HAB,DEB25,2018,20100,e
ESTAT:NAMA_10R_3GDP(1.0),20/02/24 11:00:00,A,EUR_HAB,DEB31,2018,34000,e
ESTAT:NAMA_10R_3GDP(1.0),20/02/24 11:00:00,A,EUR_HAB,DEB32,2018,48200,e
ESTAT:NAMA_10R_3GDP(1.0),20/02/24 11:00:00,A,EUR_HAB,DEB33,2018,42300,e
ESTAT:NAMA_10R_3GDP(1.0),20/02/24 11:00:00,A,EUR_HAB,DEB34,2018,80200,e
ESTAT:NAMA_10R_3GDP(1.0),20/02/24 11:00:00,A,EUR_HAB,DEB35,2018,56600,e
ESTAT:NAMA_10R_3GDP(1.0),20/02/24 11:00:00,A,EUR_HAB,DEB36,2018,31200,e
ESTAT:NAMA_10R_3GDP(1.0),20/02/24 11:00:00,A,EUR_HAB,DEB37,2018,37500,e
ESTAT:NAMA_10R_3GDP(1.0),20/02/24 11:00:00,A,EUR_HAB,DEB38,2018,52600,e
ESTAT:NAMA_10R_3GDP(1.0),20/02/24 11:00:00,A,EUR_HAB,DEB39,2018,38300,e
ESTAT:NAMA_10R_3GDP(1.0),20/02/24 11:00:00,A,EUR_HAB,DEB3A,2018,49600,e
ESTAT:NAMA_10R_3GDP(1.0),20/02/24 11:00:00,A,EUR_HAB,DEB3B,2018,25100,e
ESTAT:NAMA_10R_3GDP(1.0),20/02/24 11:00:00,A,EUR_HAB,DEB3C,2018,22300,e
ESTAT:NAMA_10R_3GDP(1.0),20/02/24 11:00:00,A,EUR_HAB,DEB3D,2018,29000,e
ESTAT:NAMA_10R_3GDP(1.0),20/02/24 11:00:00,A,EUR_HAB,DEB3E,2018,37300,e
ESTAT:NAMA_10R_3GDP(1.0),20/02/24 11:00:00,A,EUR_HAB,DEB3F,2018,20800,e
ESTAT:NAMA_10R_3GDP(1.0),20/02/24 11:00:00,A,EUR_HAB,DEB3G,2018,17700,e
ESTAT:NAMA_10R_3GDP(1.0),20/02/24 11:00:00,A,EUR_HAB,DEB3H,2018,27200,e
ESTAT:NAMA_10R_3GDP(1.0),20/02/24 11:00:00,A,EUR_HAB,DEB3I,2018,20000,e
ESTAT:NAMA_10R_3GDP(1.0),20/02/24 11:00:00,A,EUR_HAB,DEB3J,2018,36100,e
ESTAT:NAMA_10R_3GDP(1.0),20/02/24 11:00:00,A,EUR_HAB,DEB3K,2018,16300,e
ESTAT:NAMA_10R_3GDP(1.0),20/02/24 11:00:00,A,EUR_HAB,DEC01,2018,45000,e
ESTAT:NAMA_10R_3GDP(1.0),20/02/24 11:00:00,A,EUR_HAB,DEC02,2018,27100,e
ESTAT:NAMA_10R_3GDP(1.0),20/02/24 11:00:00,A,EUR_HAB,DEC03,2018,25500,e
ESTAT:NAMA_10R_3GDP(1.0),20/02/24 11:00:00,A,EUR_HAB,DEC04,2018,32800,e
ESTAT:NAMA_10R_3GDP(1.0),20/02/24 11:00:00,A,EUR_HAB,DEC05,2018,40000,e
ESTAT:NAMA_10R_3GDP(1.0),20/02/24 11:00:00,A,EUR_HAB,DEC06,2018,30900,e
ESTAT:NAMA_10R_3GDP(1.0),20/02/24 11:00:00,A,EUR_HAB,DED21,2018,40900,e
ESTAT:NAMA_10R_3GDP(1.0),20/02/24 11:00:00,A,EUR_HAB,DED2C,2018,26200,e
ESTAT:NAMA_10R_3GDP(1.0),20/02/24 11:00:00,A,EUR_HAB,DED2D,2018,27400,e
ESTAT:NAMA_10R_3GDP(1.0),20/02/24 11:00:00,A,EUR_HAB,DED2E,2018,28100,e
ESTAT:NAMA_10R_3GDP(1.0),20/02/24 11:00:00,A,EUR_HAB,DED2F,2018,23500,e
ESTAT:NAMA_10R_3GDP(1.0),20/02/24 11:00:00,A,EUR_HAB,DED41,2018,36400,e
ESTAT:NAMA_10R_3GDP(1.0),20/02/24 11:00:00,A,EUR_HAB,DED42,2018,23700,e
ESTAT:NAMA_10R_3GDP(1.0),20/02/24 11:00:00,A,EUR_HAB,DED43,2018,27200,e
ESTAT:NAMA_10R_3GDP(1.0),20/02/24 11:00:00,A,EUR_HAB,DED44,2018,25600,e
ESTAT:NAMA_10R_3GDP(1.0),20/02/24 11:00:00,A,EUR_HAB,DED45,2018,30900,e
ESTAT:NAMA_10R_3GDP(1.0),20/02/24 11:00:00,A,EUR_HAB,DED51,2018,37200,e
ESTAT:NAMA_10R_3GDP(1.0),20/02/24 11:00:00,A,EUR_HAB,DED52,2018,26400,e
ESTAT:NAMA_10R_3GDP(1.0),20/02/24 11:00:00,A,EUR_HAB,DED53,2018,27500,e
ESTAT:NAMA_10R_3GDP(1.0),20/02/24 11:00:00,A,EUR_HAB,DEE01,2018,29600,e
ESTAT:NAMA_10R_3GDP(1.0),20/02/24 11:00:00,A,EUR_HAB,DEE02,2018,31200,e
ESTAT:NAMA_10R_3GDP(1.0),20/02/24 11:00:00,A,EUR_HAB,DEE03,2018,34900,e
ESTAT:NAMA_10R_3GDP(1.0),20/02/24 11:00:00,A,EUR_HAB,DEE04,2018,23900,e
ESTAT:NAMA_10R_3GDP(1.0),20/02/24 11:00:00,A,EUR_HAB,DEE05,2018,29200,e
ESTAT:NAMA_10R_3GDP(1.0),20/02/24 11:00:00,A,EUR_HAB,DEE06,2018,25700,e
ESTAT:NAMA_10R_3GDP(1.0),20/02/24 11:00:00,A,EUR_HAB,DEE07,2018,28000,e
ESTAT:NAMA_10R_3GDP(1.0),20/02/24 11:00:00,A,EUR_HAB,DEE08,2018,25100,e
ESTAT:NAMA_10R_3GDP(1.0),20/02/24 11:00:00,A,EUR_HAB,DEE09,2018,24000,e
ESTAT:NAMA_10R_3GDP(1.0),20/02/24 11:00:00,A,EUR_HAB,DEE0A,2018,20900,e
ESTAT:NAMA_10R_3GDP(1.0),20/02/24 11:00:00,A,EUR_HAB,DEE0B,2018,35500,e
ESTAT:NAMA_10R_3GDP(1.0),20/02/24 11:00:00,A,EUR_HAB,DEE0C,2018,25000,e
ESTAT:NAMA_10R_3GDP(1.0),20/02/24 11:00:00,A,EUR_HAB,DEE0D,2018,26300,e
ESTAT:NAMA_10R_3GDP(1.0),20/02/24 11:00:00,A,EUR_HAB,DEE0E,2018,25000,e
ESTAT:NAMA_10R_3GDP(1.0),20/02/24 11:00:00,A,EUR_HAB,DEF01,2018,41900,e
ESTAT:NAMA_10R_3GDP(1.0),20/02/24 11:00:00,A,EUR_HAB,DEF02,2018,47900,e
ESTAT:NAMA_10R_3GDP(1.0),20/02/24 11:00:00,A,EUR_HAB,DEF03,2018,43400,e
ESTAT:NAMA_10R_3GDP(1.0),20/02/24 11:00:00,A,EUR_HAB,DEF04,2018,43200,e
ESTAT:NAMA_10R_3GDP(1.0),20/02/24 11:00:00,A,EUR_HAB,DEF05,2018,34500,e
ESTAT:NAMA_10R_3GDP(1.0),20/02/24 11:00:00,A,EUR_HAB,DEF06,2018,23500,e
ESTAT:NAMA_10R_3GDP(1.0),20/02/24 11:00:00,A,EUR_HAB,DEF07,2018,34100,e
ESTAT:NAMA_10R_3GDP(1.0),20/02/24 11:00:00,A,EUR_HAB,DEF08,2018,26800,e
ESTAT:NAMA_10R_3GDP(1.0),20/02/24 11:00:00,A,EUR_HAB,DEF09,2018,29900,e
ESTAT:NAMA_10R_3GDP(1.0),20/02/24 11:00:00,A,EUR_HAB,DEF0A,2018,19900,e
ESTAT:NAMA_10R_3GDP(1.0),20/02/24 11:00:00,A,EUR_HAB,DEF0B,2018,29000,e
ESTAT:NAMA_10R_3GDP(1.0),20/02/24 11:00:00,A,EUR_HAB,DEF0C,2018,26400,e
ESTAT:NAMA_10R_3GDP(1.0),20/02/24 11:00:00,A,EUR_HAB,DEF0D,2018,31500,e
ESTAT:NAMA_10R_3GDP(1.0),20/02/24 11:00:00,A,EUR_HAB,DEF0E,2018,32400,e
ESTAT:NAMA_10R_3GDP(1.0),20/02/24 11:00:00,A,EUR_HAB,DEF0F,2018,34100,e
ESTAT:NAMA_10R_3GDP(1.0),20/02/24 11:00:00,A,EUR_HAB,DEG01,2018,40000,e
ESTAT:NAMA_10R_3GDP(1.0),20/02/24 11:00:00,A,EUR_HAB,DEG02,2018,28700,e
ESTAT:NAMA_10R_3GDP(1.0),20/02/24 11:00:00,A,EUR_HAB,DEG03,2018,44700,e
ESTAT:NAMA_10R_3GDP(1.0),20/02/24 11:00:00,A,EUR_HAB,DEG04,2018,34300,e
ESTAT:NAMA_10R_3GDP(1.0),20/02/24 11:00:00,A,EUR_HAB,DEG05,2018,30500,e
ESTAT:NAMA_10R_3GDP(1.0),20/02/24 11:00:00,A,EUR_HAB,DEG06,2018,26000,e
ESTAT:NAMA_10R_3GDP(1.0),20/02/24 11:00:00,A,EUR_HAB,DEG07,2018,26100,e
ESTAT:NAMA_10R_3GDP(1.0),20/02/24 11:00:00,A,EUR_HAB,DEG09,2018,24900,e
ESTAT:NAMA_10R_3GDP(1.0),20/02/24 11:00:00,A,EUR_HAB,DEG0A,2018,22400,e
ESTAT:NAMA_10R_3GDP(1.0),20/02/24 11:00:00,A,EUR_HAB,DEG0B,2018,27600,e
ESTAT:NAMA_10R_3GDP(1.0),20/02/24 11:00:00,A,EUR_HAB,DEG0C,2018,28300,e
ESTAT:NAMA_10R_3GDP(1.0),20/02/24 11:00:00,A,EUR_HAB,DEG0D,2018,25300,e
ESTAT:NAMA_10R_3GDP(1.0),20/02/24 11:00:00,A,EUR_HAB,DEG0E,2018,22800,e
ESTAT:NAMA_10R_3GDP(1.0),20/02/24 11:00:00,A,EUR_HAB,DEG0F,2018,29000,e
ESTAT:NAMA_10R_3GDP(1.0),20/02/24 11:00:00,A,EUR_HAB,DEG0G,2018,24600,e
ESTAT:NAMA_10R_3GDP(1.0),20/02/24 11:00:00,A,EUR_HAB,DEG0H,2018,29200,e
ESTAT:NAMA_10R_3GDP(1.0),20/02/24 11:00:00,A,EUR_HAB,DEG0I,2018,26600,e
ESTAT:NAMA_10R_3GDP(1.0),20/02/24 11:00:00,A,EUR_HAB,DEG0J,2018,23300,e
ESTAT:NAMA_10R_3GDP(1.0),20/02/24 11:00:00,A,EUR_HAB,DEG0K,2018,29400,e
ESTAT:NAMA_10R_3GDP(1.0),20/02/24 11:00:00,A,EUR_HAB,DEG0L,2018,24000,e
ESTAT:NAMA_10R_3GDP(1.0),20/02/24 11:00:00,A,EUR_HAB,DEG0M,2018,22100,e
ESTAT:NAMA_10R_3GDP(1.0),20/02/24 11:00:00,A,EUR_HAB,DEG0N,2018,39500,e
ESTAT:NAMA_10R_3GDP(1.0),20/02/24 11:00:00,A,EUR_HAB,DEG0P,2018,26800,e
ESTAT:NAMA_10R_3GDP(1.0),20/02/24 11:00:00,A,EUR_HAB,DK011,2018,73800,
ESTAT:NAMA_10R_3GDP(1.0),20/02/24 11:00:00,A,EUR_HAB,DK012,2018,82400,
ESTAT:NAMA_10R_3GDP(1.0),20/02/24 11:00:00,A,EUR_HAB,DK013,2018,42700,
ESTAT:NAMA_10R_3GDP(1.0),20/02/24 11:00:00,A,EUR_HAB,DK014,2018,36400,
ESTAT:NAMA_10R_3GDP(1.0),20/02/24 11:00:00,A,EUR_HAB,DK021,2018,36800,
ESTAT:NAMA_10R_3GDP(1.0),20/02/24 11:00:00,A,EUR_HAB,DK022,2018,35400,
ESTAT:NAMA_10R_3GDP(1.0),20/02/24 11:00:00,A,EUR_HAB,DK031,2018,40000,
ESTAT:NAMA_10R_3GDP(1.0),20/02/24 11:00:00,A,EUR_HAB,DK032,2018,50400,
ESTAT:NAMA_10R_3GDP(1.0),20/02/24 11:00:00,A,EUR_HAB,DK041,2018,50000,
ESTAT:NAMA_10R_3GDP(1.0),20/02/24 11:00:00,A,EUR_HAB,DK042,2018,46000,
ESTAT:NAMA_10R_3GDP(1.0),20/02/24 11:00:00,A,EUR_HAB,DK050,2018,43600,
ESTAT:NAMA_10R_3GDP(1.0),20/02/24 11:00:00,A,EUR_HAB,EE001,2018,27400,
ESTAT:NAMA_10R_3GDP(1.0),20/02/24 11:00:00,A,EUR_HAB,EE004,2018,11600,
ESTAT:NAMA_10R_3GDP(1.0),20/02/24 11:00:00,A,EUR_HAB,EE008,2018,14500,
ESTAT:NAMA_10R_3GDP(1.0),20/02/24 11:00:00,A,EUR_HAB,EE009,2018,12300,
ESTAT:NAMA_10R_3GDP(1.0),20/02/24 11:00:00,A,EUR_HAB,EE00A,2018,13500,
ESTAT:NAMA_10R_3GDP(1.0),20/02/24 11:00:00,A,EUR_HAB,EL301,2018,26800,
ESTAT:NAMA_10R_3GDP(1.0),20/02/24 11:00:00,A,EUR_HAB,EL302,2018,11600,
ESTAT:NAMA_10R_3GDP(1.0),20/02/24 11:00:00,A,EUR_HAB,EL303,2018,33100,
ESTAT:NAMA_10R_3GDP(1.0),20/02/24 11:00:00,A,EUR_HAB,EL304,2018,19500,
ESTAT:NAMA_10R_3GDP(1.0),20/02/24 11:00:00,A,EUR_HAB,EL305,2018,17900,
ESTAT:NAMA_10R_3GDP(1.0),20/02/24 11:00:00,A,EUR_HAB,EL306,2018,22600,
ESTAT:NAMA_10R_3GDP(1.0),20/02/24 11:00:00,A,EUR_HAB,EL307,2018,19500,
ESTAT:NAMA_10R_3GDP(1.0),20/02/24 11:00:00,A,EUR_HAB,EL411,2018,11600,
ESTAT:NAMA_10R_3GDP(1.0),20/02/24 11:00:00,A,EUR_HAB,EL412,2018,11400,
ESTAT:NAMA_10R_3GDP(1.0),20/02/24 11:00:00,A,EUR_HAB,EL413,2018,11000,
ESTAT:NAMA_10R_3GDP(1.0),20/02/24 11:00:00,A,EUR_HAB,EL421,2018,15700,
ESTAT:NAMA_10R_3GDP(1.0),20/02/24 11:00:00,A,EUR_HAB,EL422,2018,21700,
ESTAT:NAMA_10R_3GDP(1.0),20/02/24 11:00:00,A,EUR_HAB,EL431,2018,13800,
ESTAT:NAMA_10R_3GDP(1.0),20/02/24 11:00:00,A,EUR_HAB,EL432,2018,16000,
ESTAT:NAMA_10R_3GDP(1.0),20/02/24 11:00:00,A,EUR_HAB,EL433,2018,13700,
ESTAT:NAMA_10R_3GDP(1.0),20/02/24 11:00:00,A,EUR_HAB,EL434,2018,14600,
ESTAT:NAMA_10R_3GDP(1.0),20/02/24 11:00:00,A,EUR_HAB,EL511,2018,12100,
ESTAT:NAMA_10R_3GDP(1.0),20/02/24 11:00:00,A,EUR_HAB,EL512,2018,9700,
ESTAT:NAMA_10R_3GDP(1.0),20/02/24 11:00:00,A,EUR_HAB,EL513,2018,10400,
ESTAT:NAMA_10R_3GDP(1.0),20/02/24 11:00:00,A,EUR_HAB,EL514,2018,10400,
ESTAT:NAMA_10R_3GDP(1.0),20/02/24 11:00:00,A,EUR_HAB,EL515,2018,13800,
ESTAT:NAMA_10R_3GDP(1.0),20/02/24 11:00:00,A,EUR_HAB,EL521,2018,11200,
ESTAT:NAMA_10R_3GDP(1.0),20/02/24 11:00:00,A,EUR_HAB,EL522,2018,14300,
ESTAT:NAMA_10R_3GDP(1.0),20/02/24 11:00:00,A,EUR_HAB,EL523,2018,11300,
ESTAT:NAMA_10R_3GDP(1.0),20/02/24 11:00:00,A,EUR_HAB,EL524,2018,12000,
ESTAT:NAMA_10R_3GDP(1.0),20/02/24 11:00:00,A,EUR_HAB,EL525,2018,11000,
ESTAT:NAMA_10R_3GDP(1.0),20/02/24 11:00:00,A,EUR_HAB,EL526,2018,10200,
ESTAT:NAMA_10R_3GDP(1.0),20/02/24 11:00:00,A,EUR_HAB,EL527,2018,13800,
ESTAT:NAMA_10R_3GDP(1.0),20/02/24 11:00:00,A,EUR_HAB,EL531,2018,16300,
ESTAT:NAMA_10R_3GDP(1.0),20/02/24 11:00:00,A,EUR_HAB,EL532,2018,10400,
ESTAT:NAMA_10R_3GDP(1.0),20/02/24 11:00:00,A,EUR_HAB,EL533,2018,17500,
ESTAT:NAMA_10R_3GDP(1.0),20/02/24 11:00:00,A,EUR_HAB,EL541,2018,11700,
ESTAT:NAMA_10R_3GDP(1.0),20/02/24 11:00:00,A,EUR_HAB,EL542,2018,12300,
ESTAT:NAMA_10R_3GDP(1.0),20/02/24 11:00:00,A,EUR_HAB,EL543,2018,11700,
ESTAT:NAMA_10R_3GDP(1.0),20/02/24 11:00:00,A,EUR_HAB,EL611,2018,10800,
ESTAT:NAMA_10R_3GDP(1.0),20/02/24 11:00:00,A,EUR_HAB,EL612,2018,14100,
ESTAT:NAMA_10R_3GDP(1.0),20/02/24 11:00:00,A,EUR_HAB,EL613,2018,12600,
ESTAT:NAMA_10R_3GDP(1.0),20/02/24 11:00:00,A,EUR_HAB,EL621,2018,18300,
ESTAT:NAMA_10R_3GDP(1.0),20/02/24 11:00:00,A,EUR_HAB,EL622,2018,15200,
ESTAT:NAMA_10R_3GDP(1.0),20/02/24 11:00:00,A,EUR_HAB,EL623,2018,14900,
ESTAT:NAMA_10R_3GDP(1.0),20/02/24 11:00:00,A,EUR_HAB,EL624,2018,12600,
ESTAT:NAMA_10R_3GDP(1.0),20/02/24 11:00:00,A,EUR_HAB,EL631,2018,11700,
ESTAT:NAMA_10R_3GDP(1.0),20/02/24 11:00:00,A,EUR_HAB,EL632,2018,12900,
ESTAT:NAMA_10R_3GDP(1.0),20/02/24 11:00:00,A,EUR_HAB,EL633,2018,11000,
ESTAT:NAMA_10R_3GDP(1.0),20/02/24 11:00:00,A,EUR_HAB,EL641,2018,22400,
ESTAT:NAMA_10R_3GDP(1.0),20/02/24 11:00:00,A,EUR_HAB,EL642,2018,13700,
ESTAT:NAMA_10R_3GDP(1.0),20/02/24 11:00:00,A,EUR_HAB,EL643,2018,10000,
ESTAT:NAMA_10R_3GDP(1.0),20/02/24 11:00:00,A,EUR_HAB,EL644,2018,13400,
ESTAT:NAMA_10R_3GDP(1.0),20/02/24 11:00:00,A,EUR_HAB,EL645,2018,11000,
ESTAT:NAMA_10R_3GDP(1.0),20/02/24 11:00:00,A,EUR_HAB,EL651,2018,16400,
ESTAT:NAMA_10R_3GDP(1.0),20/02/24 11:00:00,A,EUR_HAB,EL652,2018,13600,
ESTAT:NAMA_10R_3GDP(1.0),20/02/24 11:00:00,A,EUR_HAB,EL653,2018,12500,
ESTAT:NAMA_10R_3GDP(1.0),20/02/24 11:00:00,A,EUR_HAB,ES111,2018,24200,
ESTAT:NAMA_10R_3GDP(1.0),20/02/24 11:00:00,A,EUR_HAB,ES112,2018,23400,
ESTAT:NAMA_10R_3GDP(1.0),20/02/24 11:00:00,A,EUR_HAB,ES113,2018,22000,
ESTAT:NAMA_10R_3GDP(1.0),20/02/24 11:00:00,A,EUR_HAB,ES114,2018,22100,
ESTAT:NAMA_10R_3GDP(1.0),20/02/24 11:00:00,A,EUR_HAB,ES120,2018,22700,
ESTAT:NAMA_10R_3GDP(1.0),20/02/24 11:00:00,A,EUR_HAB,ES130,2018,23700,
ESTAT:NAMA_10R_3GDP(1.0),20/02/24 11:00:00,A,EUR_HAB,ES211,2018,39000,
ESTAT:NAMA_10R_3GDP(1.0),20/02/24 11:00:00,A,EUR_HAB,ES212,2018,33200,
ESTAT:NAMA_10R_3GDP(1.0),20/02/24 11:00:00,A,EUR_HAB,ES213,2018,31300,
ESTAT:NAMA_10R_3GDP(1.0),20/02/24 11:00:00,A,EUR_HAB,ES220,2018,31100,
ESTAT:NAMA_10R_3GDP(1.0),20/02/24 11:00:00,A,EUR_HAB,ES230,2018,27500,
ESTAT:NAMA_10R_3GDP(1.0),20/02/24 11:00:00,A,EUR_HAB,ES241,2018,28800,
ESTAT:NAMA_10R_3GDP(1.0),20/02/24 11:00:00,A,EUR_HAB,ES242,2018,25200,
ESTAT:NAMA_10R_3GDP(1.0),20/02/24 11:00:00,A,EUR_HAB,ES243,2018,28200,
ESTAT:NAMA_10R_3GDP(1.0),20/02/24 11:00:00,A,EUR_HAB,ES300,2018,35100,
ESTAT:NAMA_10R_3GDP(1.0),20/02/24 11:00:00,A,EUR_HAB,ES411,2018,20200,
ESTAT:NAMA_10R_3GDP(1.0),20/02/24 11:00:00,A,EUR_HAB,ES412,2018,29500,
ESTAT:NAMA_10R_3GDP(1.0),20/02/24 11:00:00,A,EUR_HAB,ES413,2018,21200,
ESTAT:NAMA_10R_3GDP(1.0),20/02/24 11:00:00,A,EUR_HAB,ES414,2018,27200,
ESTAT:NAMA_10R_3GDP(1.0),20/02/24 11:00:00,A,EUR_HAB,ES415,2018,20900,
ESTAT:NAMA_10R_3GDP(1.0),20/02/24 11:00:00,A,EUR_HAB,ES416,2018,22100,
ESTAT:NAMA_10R_3GDP(1.0),20/02/24 11:00:00,A,EUR_HAB,ES417,2018,27900,
ESTAT:NAMA_10R_3GDP(1.0),20/02/24 11:00:00,A,EUR_HAB,ES418,2018,27700,
ESTAT:NAMA_10R_3GDP(1.0),20/02/24 11:00:00,A,EUR_HAB,ES419,2018,19500,
ESTAT:NAMA_10R_3GDP(1.0),20/02/24 11:00:00,A,EUR_HAB,ES421,2018,21000,
ESTAT:NAMA_10R_3GDP(1.0),20/02/24 11:00:00,A,EUR_HAB,ES422,2018,21600,
ESTAT:NAMA_10R_3GDP(1.0),20/02/24 11:00:00,A,EUR_HAB,ES423,2018,22700,
ESTAT:NAMA_10R_3GDP(1.0),20/02/24 11:00:00,A,EUR_HAB,ES424,2018,20300,
ESTAT:NAMA_10R_3GDP(1.0),20/02/24 11:00:00,A,EUR_HAB,ES425,2018,18600,
ESTAT:NAMA_10R_3GDP(1.0),20/02/24 11:00:00,A,EUR_HAB,ES431,2018,18300,
ESTAT:NAMA_10R_3GDP(1.0),20/02/24 11:00:00,A,EUR_HAB,ES432,2018,19700,
ESTAT:NAMA_10R_3GDP(1.0),20/02/24 11:00:00,A,EUR_HAB,ES511,2018,31100,
ESTAT:NAMA_10R_3GDP(1.0),20/02/24 11:00:00,A,EUR_HAB,ES512,2018,27800,
ESTAT:NAMA_10R_3GDP(1.0),20/02/24 11:00:00,A,EUR_HAB,ES513,2018,28100,
ESTAT:NAMA_10R_3GDP(1.0),20/02/24 11:00:00,A,EUR_HAB,ES514,2018,30300,
ESTAT:NAMA_10R_3GDP(1.0),20/02/24 11:00:00,A,EUR_HAB,ES521,2018,19500,
ESTAT:NAMA_10R_3GDP(1.0),20/02/24 11:00:00,A,EUR_HAB,ES522,2018,27500,
ESTAT:NAMA_10R_3GDP(1.0),20/02/24 11:00:00,A,EUR_HAB,ES523,2018,23800,
ESTAT:NAMA_10R_3GDP(1.0),20/02/24 11:00:00,A,EUR_HAB,ES531,2018,25800,
ESTAT:NAMA_10R_3GDP(1.0),20/02/24 11:00:00,A,EUR_HAB,ES532,2018,28900,
ESTAT:NAMA_10R_3GDP(1.0),20/02/24 11:00:00,A,EUR_HAB,ES533,2018,21200,
ESTAT:NAMA_10R_3GDP(1.0),20/02/24 11:00:00,A,EUR_HAB,ES611,2018,21600,
ESTAT:NAMA_10R_3GDP(1.0),20/02/24 11:00:00,A,EUR_HAB,ES612,2018,17800,
ESTAT:NAMA_10R_3GDP(1.0),20/02/24 11:00:00,A,EUR_HAB,ES613,2018,18100,
ESTAT:NAMA_10R_3GDP(1.0),20/02/24 11:00:00,A,EUR_HAB,ES614,2018,18200,
ESTAT:NAMA_10R_3GDP(1.0),20/02/24 11:00:00,A,EUR_HAB,ES615,2018,20100,
ESTAT:NAMA_10R_3GDP(1.0),20/02/24 11:00:00,A,EUR_HAB,ES616,2018,18300,
ESTAT:NAMA_10R_3GDP(1.0),20/02/24 11:00:00,A,EUR_HAB,ES617,2018,18700,
ESTAT:NAMA_10R_3GDP(1.0),20/02/24 11:00:00,A,EUR_HAB,ES618,2018,20200,
ESTAT:NAMA_10R_3GDP(1.0),20/02/24 11:00:00,A,EUR_HAB,ES620,2018,21000,
ESTAT:NAMA_10R_3GDP(1.0),20/02/24 11:00:00,A,EUR_HAB,ES630,2018,20300,
ESTAT:NAMA_10R_3GDP(1.0),20/02/24 11:00:00,A,EUR_HAB,ES640,2018,18700,
ESTAT:NAMA_10R_3GDP(1.0),20/02/24 11:00:00,A,EUR_HAB,ES703,2018,17400,
ESTAT:NAMA_10R_3GDP(1.0),20/02/24 11:00:00,A,EUR_HAB,ES704,2018,21300,
ESTAT:NAMA_10R_3GDP(1.0),20/02/24 11:00:00,A,EUR_HAB,ES705,2018,20300,
ESTAT:NAMA_10R_3GDP(1.0),20/02/24 11:00:00,A,EUR_HAB,ES706,2018,18400,
ESTAT:NAMA_10R_3GDP(1.0),20/02/24 11:00:00,A,EUR_HAB,ES707,2018,18700,
ESTAT:NAMA_10R_3GDP(1.0),20/02/24 11:00:00,A,EUR_HAB,ES708,2018,23900,
ESTAT:NAMA_10R_3GDP(1.0),20/02/24 11:00:00,A,EUR_HAB,ES709,2018,21300,
ESTAT:NAMA_10R_3GDP(1.0),20/02/24 11:00:00,A,EUR_HAB,FI193,2018,35800,
ESTAT:NAMA_10R_3GDP(1.0),20/02/24 11:00:00,A,EUR_HAB,FI194,2018,32900,
ESTAT:NAMA_10R_3GDP(1.0),20/02/24 11:00:00,A,EUR_HAB,FI195,2018,40200,
ESTAT:NAMA_10R_3GDP(1.0),20/02/24 11:00:00,A,EUR_HAB,FI196,2018,37200,
ESTAT:NAMA_10R_3GDP(1.0),20/02/24 11:00:00,A,EUR_HAB,FI197,2018,39100,
ESTAT:NAMA_10R_3GDP(1.0),20/02/24 11:00:00,A,EUR_HAB,FI1B1,2018,55100,
ESTAT:NAMA_10R_3GDP(1.0),20/02/24 11:00:00,A,EUR_HAB,FI1C1,2018,39700,
ESTAT:NAMA_10R_3GDP(1.0),20/02/24 11:00:00,A,EUR_HAB,FI1C2,2018,33500,
ESTAT:NAMA_10R_3GDP(1.0),20/02/24 11:00:00,A,EUR_HAB,FI1C3,2018,33300,
ESTAT:NAMA_10R_3GDP(1.0),20/02/24 11:00:00,A,EUR_HAB,FI1C4,2018,39500,
ESTAT:NAMA_10R_3GDP(1.0),20/02/24 11:00:00,A,EUR_HAB,FI1C5,2018,39400,
ESTAT:NAMA_10R_3GDP(1.0),20/02/24 11:00:00,A,EUR_HAB,FI1D1,2018,32600,
ESTAT:NAMA_10R_3GDP(1.0),20/02/24 11:00:00,A,EUR_HAB,FI1D2,2018,35900,
ESTAT:NAMA_10R_3GDP(1.0),20/02/24 11:00:00,A,EUR_HAB,FI1D3,2018,33500,
ESTAT:NAMA_10R_3GDP(1.0),20/02/24 11:00:00,A,EUR_HAB,FI1D5,2018,38200,
ESTAT:NAMA_10R_3GDP(1.0),20/02/24 11:00:00,A,EUR_HAB,FI1D7,2018,38900,
ESTAT:NAMA_10R_3GDP(1.0),20/02/24 11:00:00,A,EUR_HAB,FI1D8,2018,33100,
ESTAT:NAMA_10R_3GDP(1.0),20/02/24 11:00:00,A,EUR_HAB,FI1D9,2018,34800,
ESTAT:NAMA_10R_3GDP(1.0),20/02/24 11:00:00,A,EUR_HAB,FI200,2018,44000,
ESTAT:NAMA_10R_3GDP(1.0),20/02/24 11:00:00,A,EUR_HAB,FR101,2018,108900,
ESTAT:NAMA_10R_3GDP(1.0),20/02/24 11:00:00,A,EUR_HAB,FR102,2018,29500,
ESTAT:NAMA_10R_3GDP(1.0),20/02/24 11:00:00,A,EUR_HAB,FR103,2018,41200,
ESTAT:NAMA_10R_3GDP(1.0),20/02/24 11:00:00,A,EUR_HAB,FR104,2018,41100,
ESTAT:NAMA_10R_3GDP(1.0),20/02/24 11:00:00,A,EUR_HAB,FR105,2018,108700,
ESTAT:NAMA_10R_3GDP(1.0),20/02/24 11:00:00,A,EUR_HAB,FR106,2018,40300,
ESTAT:NAMA_10R_3GDP(1.0),20/02/24 11:00:00,A,EUR_HAB,FR107,2018,39400,
ESTAT:NAMA_10R_3GDP(1.0),20/02/24 11:00:00,A,EUR_HAB,FR108,2018,30500,
ESTAT:NAMA_10R_3GDP(1.0),20/02/24 11:00:00,A,EUR_HAB,FRB01,2018,26600,
ESTAT:NAMA_10R_3GDP(1.0),20/02/24 11:00:00,A,EUR_HAB,FRB02,2018,26200,
ESTAT:NAMA_10R_3GDP(1.0),20/02/24 11:00:00,A,EUR_HAB,FRB03,2018,24500,
ESTAT:NAMA_10R_3GDP(1.0),20/02/24 11:00:00,A,EUR_HAB,FRB04,2018,30400,
ESTAT:NAMA_10R_3GDP(1.0),20/02/24 11:00:00,A,EUR_HAB,FRB05,2018,26100,
ESTAT:NAMA_10R_3GDP(1.0),20/02/24 11:00:00,A,EUR_HAB,FRB06,2018,32200,
ESTAT:NAMA_10R_3GDP(1.0),20/02/24 11:00:00,A,EUR_HAB,FRC11,2018,35200,
ESTAT:NAMA_10R_3GDP(1.0),20/02/24 11:00:00,A,EUR_HAB,FRC12,2018,24300,
ESTAT:NAMA_10R_3GDP(1.0),20/02/24 11:00:00,A,EUR_HAB,FRC13,2018,26700,
ESTAT:NAMA_10R_3GDP(1.0),20/02/24 11:00:00,A,EUR_HAB,FRC14,2018,25700,
ESTAT:NAMA_10R_3GDP(1.0),20/02/24 11:00:00,A,EUR_HAB,FRC21,2018,28900,
ESTAT:NAMA_10R_3GDP(1.0),20/02/24 11:00:00,A,EUR_HAB,FRC22,2018,25700,
ESTAT:NAMA_10R_3GDP(1.0),20/02/24 11:00:00,A,EUR_HAB,FRC23,2018,20400,
ESTAT:NAMA_10R_3GDP(1.0),20/02/24 11:00:00,A,EUR_HAB,FRC24,2018,25100,
ESTAT:NAMA_10R_3GDP(1.0),20/02/24 11:00:00,A,EUR_HAB,FRD11,2018,29300,
ESTAT:NAMA_10R_3GDP(1.0),20/02/24 11:00:00,A,EUR_HAB,FRD12,2018,25600,
ESTAT:NAMA_10R_3GDP(1.0),20/02/24 11:00:00,A,EUR_HAB,FRD13,2018,24000,
ESTAT:NAMA_10R_3GDP(1.0),20/02/24 11:00:00,A,EUR_HAB,FRD21,2018,24500,
ESTAT:NAMA_10R_3GDP(1.0),20/02/24 11:00:00,A,EUR_HAB,FRD22,2018,31700,
ESTAT:NAMA_10R_3GDP(1.0),20/02/24 11:00:00,A,EUR_HAB,FRE11,2018,31200,
ESTAT:NAMA_10R_3GDP(1.0),20/02/24 11:00:00,A,EUR_HAB,FRE12,2018,23600,
ESTAT:NAMA_10R_3GDP(1.0),20/02/24 11:00:00,A,EUR_HAB,FRE21,2018,22700,
ESTAT:NAMA_10R_3GDP(1.0),20/02/24 11:00:00,A,EUR_HAB,FRE22,2018,26400,
ESTAT:NAMA_10R_3GDP(1.0),20/02/24 11:00:00,A,EUR_HAB,FRE23,2018,27600,
ESTAT:NAMA_10R_3GDP(1.0),20/02/24 11:00:00,A,EUR_HAB,FRF11,2018,34600,
ESTAT:NAMA_10R_3GDP(1.0),20/02/24 11:00:00,A,EUR_HAB,FRF12,2018,29300,
ESTAT:NAMA_10R_3GDP(1.0),20/02/24 11:00:00,A,EUR_HAB,FRF21,2018,23200,
ESTAT:NAMA_10R_3GDP(1.0),20/02/24 11:00:00,A,EUR_HAB,FRF22,2018,27200,
ESTAT:NAMA_10R_3GDP(1.0),20/02/24 11:00:00,A,EUR_HAB,FRF23,2018,34900,
ESTAT:NAMA_10R_3GDP(1.0),20/02/24 11:00:00,A,EUR_HAB,FRF24,2018,25700,
ESTAT:NAMA_10R_3GDP(1.0),20/02/24 11:00:00,A,EUR_HAB,FRF31,2018,26900,
ESTAT:NAMA_10R_3GDP(1.0),20/02/24 11:00:00,A,EUR_HAB,FRF32,2018,21900,
ESTAT:NAMA_10R_3GDP(1.0),20/02/24 11:00:00,A,EUR_HAB,FRF33,2018,25500,
ESTAT:NAMA_10R_3GDP(1.0),20/02/24 11:00:00,A,EUR_HAB,FRF34,2018,25000,
ESTAT:NAMA_10R_3GDP(1.0),20/02/24 11:00:00,A,EUR_HAB,FRG01,2018,35900,
ESTAT:NAMA_10R_3GDP(1.0),20/02/24 11:00:00,A,EUR_HAB,FRG02,2018,27600,
ESTAT:NAMA_10R_3GDP(1.0),20/02/24 11:00:00,A,EUR_HAB,FRG03,2018,29200,
ESTAT:NAMA_10R_3GDP(1.0),20/02/24 11:00:00,A,EUR_HAB,FRG04,2018,26400,
ESTAT:NAMA_10R_3GDP(1.0),20/02/24 11:00:00,A,EUR_HAB,FRG05,2018,28500,
ESTAT:NAMA_10R_3GDP(1.0),20/02/24 11:00:00,A,EUR_HAB,FRH01,2018,25900,
ESTAT:NAMA_10R_3GDP(1.0),20/02/24 11:00:00,A,EUR_HAB,FRH02,2018,27700,
ESTAT:NAMA_10R_3GDP(1.0),20/02/24 11:00:00,A,EUR_HAB,FRH03,2018,34900,
ESTAT:NAMA_10R_3GDP(1.0),20/02/24 11:00:00,A,EUR_HAB,FRH04,2018,26300,
ESTAT:NAMA_10R_3GDP(1.0),20/02/24 11:00:00,A,EUR_HAB,FRI11,2018,23100,
ESTAT:NAMA_10R_3GDP(1.0),20/02/24 11:00:00,A,EUR_HAB,FRI12,2018,35000,
ESTAT:NAMA_10R_3GDP(1.0),20/02/24 11:00:00,A,EUR_HAB,FRI13,2018,25500,
ESTAT:NAMA_10R_3GDP(1.0),20/02/24 11:00:00,A,EUR_HAB,FRI14,2018,25500,
ESTAT:NAMA_10R_3GDP(1.0),20/02/24 11:00:00,A,EUR_HAB,FRI15,2018,30400,
ESTAT:NAMA_10R_3GDP(1.0),20/02/24 11:00:00,A,EUR_HAB,FRI21,2018,25900,
ESTAT:NAMA_10R_3GDP(1.0),20/02/24 11:00:00,A,EUR_HAB,FRI22,2018,20200,
ESTAT:NAMA_10R_3GDP(1.0),20/02/24 11:00:00,A,EUR_HAB,FRI23,2018,27200,
ESTAT:NAMA_10R_3GDP(1.0),20/02/24 11:00:00,A,EUR_HAB,FRI31,2018,29900,
ESTAT:NAMA_10R_3GDP(1.0),20/02/24 11:00:00,A,EUR_HAB,FRI32,2018,25900,
ESTAT:NAMA_10R_3GDP(1.0),20/02/24 11:00:00,A,EUR_HAB,FRI33,2018,29600,
ESTAT:NAMA_10R_3GDP(1.0),20/02/24 11:00:00,A,EUR_HAB,FRI34,2018,28700,
ESTAT:NAMA_10R_3GDP(1.0),20/02/24 11:00:00,A,EUR_HAB,FRJ11,2018,22200,
ESTAT:NAMA_10R_3GDP(1.0),20/02/24 11:00:00,A,EUR_HAB,FRJ12,2018,24000,
ESTAT:NAMA_10R_3GDP(1.0),20/02/24 11:00:00,A,EUR_HAB,FRJ13,2018,29400,
ESTAT:NAMA_10R_3GDP(1.0),20/02/24 11:00:00,A,EUR_HAB,FRJ14,2018,24600,
ESTAT:NAMA_10R_3GDP(1.0),20/02/24 11:00:00,A,EUR_HAB,FRJ15,2018,23500,
ESTAT:NAMA_10R_3GDP(1.0),20/02/24 11:00:00,A,EUR_HAB,FRJ21,2018,21700,
ESTAT:NAMA_10R_3GDP(1.0),20/02/24 11:00:00,A,EUR_HAB,FRJ22,2018,25700,
ESTAT:NAMA_10R_3GDP(1.0),20/02/24 11:00:00,A,EUR_HAB,FRJ23,2018,41800,
ESTAT:NAMA_10R_3GDP(1.0),20/02/24 11:00:00,A,EUR_HAB,FRJ24,2018,22700,
ESTAT:NAMA_10R_3GDP(1.0),20/02/24 11:00:00,A,EUR_HAB,FRJ25,2018,25300,
ESTAT:NAMA_10R_3GDP(1.0),20/02/24 11:00:00,A,EUR_HAB,FRJ26,2018,25200,
ESTAT:NAMA_10R_3GDP(1.0),20/02/24 11:00:00,A,EUR_HAB,FRJ27,2018,23200,
ESTAT:NAMA_10R_3GDP(1.0),20/02/24 11:00:00,A,EUR_HAB,FRJ28,2018,22700,
ESTAT:NAMA_10R_3GDP(1.0),20/02/24 11:00:00,A,EUR_HAB,FRK11,2018,24500,
ESTAT:NAMA_10R_3GDP(1.0),20/02/24 11:00:00,A,EUR_HAB,FRK12,2018,24000,
ESTAT:NAMA_10R_3GDP(1.0),20/02/24 11:00:00,A,EUR_HAB,FRK13,2018,22800,
ESTAT:NAMA_10R_3GDP(1.0),20/02/24 11:00:00,A,EUR_HAB,FRK14,2018,33000,
ESTAT:NAMA_10R_3GDP(1.0),20/02/24 11:00:00,A,EUR_HAB,FRK21,2018,25700,
ESTAT:NAMA_10R_3GDP(1.0),20/02/24 11:00:00,A,EUR_HAB,FRK22,2018,22000,
ESTAT:NAMA_10R_3GDP(1.0),20/02/24 11:00:00,A,EUR_HAB,FRK23,2018,31500,
ESTAT:NAMA_10R_3GDP(1.0),20/02/24 11:00:00,A,EUR_HAB,FRK24,2018,33000,
ESTAT:NAMA_10R_3GDP(1.0),20/02/24 11:00:00,A,EUR_HAB,FRK25,2018,28000,
ESTAT:NAMA_10R_3GDP(1.0),20/02/24 11:00:00,A,EUR_HAB,FRK26,2018,48100,
ESTAT:NAMA_10R_3GDP(1.0),20/02/24 11:00:00,A,EUR_HAB,FRK27,2018,36000,
ESTAT:NAMA_10R_3GDP(1.0),20/02/24 11:00:00,A,EUR_HAB,FRK28,2018,30900,
ESTAT:NAMA_10R_3GDP(1.0),20/02/24 11:00:00,A,EUR_HAB,FRL01,2018,25500,
ESTAT:NAMA_10R_3GDP(1.0),20/02/24 11:00:00,A,EUR_HAB,FRL02,2018,26200,
ESTAT:NAMA_10R_3GDP(1.0),20/02/24 11:00:00,A,EUR_HAB,FRL03,2018,35800,
ESTAT:NAMA_10R_3GDP(1.0),20/02/24 11:00:00,A,EUR_HAB,FRL04,2018,35900,
ESTAT:NAMA_10R_3GDP(1.0),20/02/24 11:00:00,A,EUR_HAB,FRL05,2018,25500,
ESTAT:NAMA_10R_3GDP(1.0),20/02/24 11:00:00,A,EUR_HAB,FRL06,2018,31800,
ESTAT:NAMA_10R_3GDP(1.0),20/02/24 11:00:00,A,EUR_HAB,FRM01,2018,31200,
ESTAT:NAMA_10R_3GDP(1.0),20/02/24 11:00:00,A,EUR_HAB,FRM02,2018,24300,
ESTAT:NAMA_10R_3GDP(1.0),20/02/24 11:00:00,A,EUR_HAB,FRY10,2018,22700,
ESTAT:NAMA_10R_3GDP(1.0),20/02/24 11:00:00,A,EUR_HAB,FRY20,2018,24200,
ESTAT:NAMA_10R_3GDP(1.0),20/02/24 11:00:00,A,EUR_HAB,FRY30,2018,15500,
ESTAT:NAMA_10R_3GDP(1.0),20/02/24 11:00:00,A,EUR_HAB,FRY40,2018,21800,
ESTAT:NAMA_10R_3GDP(1.0),20/02/24 11:00:00,A,EUR_HAB,FRY50,2018,9200,
ESTAT:NAMA_10R_3GDP(1.0),20/02/24 11:00:00,A,EUR_HAB,HR021,2018,8400,
ESTAT:NAMA_10R_3GDP(1.0),20/02/24 11:00:00,A,EUR_HAB,HR022,2018,6900,
ESTAT:NAMA_10R_3GDP(1.0),20/02/24 11:00:00,A,EUR_HAB,HR023,2018,7000,
ESTAT:NAMA_10R_3GDP(1.0),20/02/24 11:00:00,A,EUR_HAB,HR024,2018,6900,
ESTAT:NAMA_10R_3GDP(1.0),20/02/24 11:00:00,A,EUR_HAB,HR025,2018,9200,
ESTAT:NAMA_10R_3GDP(1.0),20/02/24 11:00:00,A,EUR_HAB,HR026,2018,7200,
ESTAT:NAMA_10R_3GDP(1.0),20/02/24 11:00:00,A,EUR_HAB,HR027,2018,8800,
ESTAT:NAMA_10R_3GDP(1.0),20/02/24 11:00:00,A,EUR_HAB,HR028,2018,8300,
ESTAT:NAMA_10R_3GDP(1.0),20/02/24 11:00:00,A,EUR_HAB,HR031,2018,15500,
ESTAT:NAMA_10R_3GDP(1.0),20/02/24 11:00:00,A,EUR_HAB,HR032,2018,9500,
ESTAT:NAMA_10R_3GDP(1.0),20/02/24 11:00:00,A,EUR_HAB,HR033,2018,11400,
ESTAT:NAMA_10R_3GDP(1.0),20/02/24 11:00:00,A,EUR_HAB,HR034,2018,10300,
ESTAT:NAMA_10R_3GDP(1.0),20/02/24 11:00:00,A,EUR_HAB,HR035,2018,10200,
ESTAT:NAMA_10R_3GDP(1.0),20/02/24 11:00:00,A,EUR_HAB,HR036,2018,16200,
ESTAT:NAMA_10R_3GDP(1.0),20/02/24 11:00:00,A,EUR_HAB,HR037,2018,14000,
ESTAT:NAMA_10R_3GDP(1.0),20/02/24 11:00:00,A,EUR_HAB,HR050,2018,23900,
ESTAT:NAMA_10R_3GDP(1.0),20/02/24 11:00:00,A,EUR_HAB,HR061,2018,10700,
ESTAT:NAMA_10R_3GDP(1.0),20/02/24 11:00:00,A,EUR_HAB,HR062,2018,11400,
ESTAT:NAMA_10R_3GDP(1.0),20/02/24 11:00:00,A,EUR_HAB,HR063,2018,9100,
ESTAT:NAMA_10R_3GDP(1.0),20/02/24 11:00:00,A,EUR_HAB,HR064,2018,8300,
ESTAT:NAMA_10R_3GDP(1.0),20/02/24 11:00:00,A,EUR_HAB,HR065,2018,10200,
ESTAT:NAMA_10R_3GDP(1.0),20/02/24 11:00:00,A,EUR_HAB,HU110,2018,28200,
ESTAT:NAMA_10R_3GDP(1.0),20/02/24 11:00:00,A,EUR_HAB,HU120,2018,11000,
ESTAT:NAMA_10R_3GDP(1.0),20/02/24 11:00:00,A,EUR_HAB,HU211,2018,14300,
ESTAT:NAMA_10R_3GDP(1.0),20/02/24 11:00:00,A,EUR_HAB,HU212,2018,14000,
ESTAT:NAMA_10R_3GDP(1.0),20/02/24 11:00:00,A,EUR_HAB,HU213,2018,10400,
ESTAT:NAMA_10R_3GDP(1.0),20/02/24 11:00:00,A,EUR_HAB,HU221,2018,17200,
ESTAT:NAMA_10R_3GDP(1.0),20/02/24 11:00:00,A,EUR_HAB,HU222,2018,12800,
ESTAT:NAMA_10R_3GDP(1.0),20/02/24 11:00:00,A,EUR_HAB,HU223,2018,10500,
ESTAT:NAMA_10R_3GDP(1.0),20/02/24 11:00:00,A,EUR_HAB,HU231,2018,9400,
ESTAT:NAMA_10R_3GDP(1.0),20/02/24 11:00:00,A,EUR_HAB,HU232,2018,9100,
ESTAT:NAMA_10R_3GDP(1.0),20/02/24 11:00:00,A,EUR_HAB,HU233,2018,10700,
ESTAT:NAMA_10R_3GDP(1.0),20/02/24 11:00:00,A,EUR_HAB,HU311,2018,10200,
ESTAT:NAMA_10R_3GDP(1.0),20/02/24 11:00:00,A,EUR_HAB,HU312,2018,10300,
ESTAT:NAMA_10R_3GDP(1.0),20/02/24 11:00:00,A,EUR_HAB,HU313,2018,6200,
ESTAT:NAMA_10R_3GDP(1.0),20/02/24 11:00:00,A,EUR_HAB,HU321,2018,10100,
ESTAT:NAMA_10R_3GDP(1.0),20/02/24 11:00:00,A,EUR_HAB,HU322,2018,8900,
ESTAT:NAMA_10R_3GDP(1.0),20/02/24 11:00:00,A,EUR_HAB,HU323,2018,7900,
ESTAT:NAMA_10R_3GDP(1.0),20/02/24 11:00:00,A,EUR_HAB,HU331,2018,11300,
ESTAT:NAMA_10R_3GDP(1.0),20/02/24 11:00:00,A,EUR_HAB,HU332,2018,8400,
ESTAT:NAMA_10R_3GDP(1.0),20/02/24 11:00:00,A,EUR_HAB,HU333,2018,10200,
ESTAT:NAMA_10R_3GDP(1.0),20/02/24 11:00:00,A,EUR_HAB,IE041,2018,22100,
ESTAT:NAMA_10R_3GDP(1.0),20/02/24 11:00:00,A,EUR_HAB,IE042,2018,31400,
ESTAT:NAMA_10R_3GDP(1.0),20/02/24 11:00:00,A,EUR_HAB,IE051,2018,41300,
ESTAT:NAMA_10R_3GDP(1.0),20/02/24 11:00:00,A,EUR_HAB,IE052,2018,33000,
ESTAT:NAMA_10R_3GDP(1.0),20/02/24 11:00:00,A,EUR_HAB,IE053,2018,119000,
ESTAT:NAMA_10R_3GDP(1.0),20/02/24 11:00:00,A,EUR_HAB,IE061,2018,111200,
ESTAT:NAMA_10R_3GDP(1.0),20/02/24 11:00:00,A,EUR_HAB,IE063,2018,22100,
ESTAT:NAMA_10R_3GDP(1.0),20/02/24 11:00:00,A,EUR_HAB,ITC11,2018,33700,
ESTAT:NAMA_10R_3GDP(1.0),20/02/24 11:00:00,A,EUR_HAB,ITC12,2018,28000,
ESTAT:NAMA_10R_3GDP(1.0),20/02/24 11:00:00,A,EUR_HAB,ITC13,2018,27900,
ESTAT:NAMA_10R_3GDP(1.0),20/02/24 11:00:00,A,EUR_HAB,ITC14,2018,24600,
ESTAT:NAMA_10R_3GDP(1.0),20/02/24 11:00:00,A,EUR_HAB,ITC15,2018,30300,
ESTAT:NAMA_10R_3GDP(1.0),20/02/24 11:00:00,A,EUR_HAB,ITC16,2018,32600,
ESTAT:NAMA_10R_3GDP(1.0),20/02/24 11:00:00,A,EUR_HAB,ITC17,2018,26100,
ESTAT:NAMA_10R_3GDP(1.0),20/02/24 11:00:00,A,EUR_HAB,ITC18,2018,28700,
ESTAT:NAMA_10R_3GDP(1.0),20/02/24 11:00:00,A,EUR_HAB,ITC20,2018,38300,
ESTAT:NAMA_10R_3GDP(1.0),20/02/24 11:00:00,A,EUR_HAB,ITC31,2018,24400,
ESTAT:NAMA_10R_3GDP(1.0),20/02/24 11:00:00,A,EUR_HAB,ITC32,2018,28300,
ESTAT:NAMA_10R_3GDP(1.0),20/02/24 11:00:00,A,EUR_HAB,ITC33,2018,35600,
ESTAT:NAMA_10R_3GDP(1.0),20/02/24 11:00:00,A,EUR_HAB,ITC34,2018,30600,
ESTAT:NAMA_10R_3GDP(1.0),20/02/24 11:00:00,A,EUR_HAB,ITC41,2018,30400,
ESTAT:NAMA_10R_3GDP(1.0),20/02/24 11:00:00,A,EUR_HAB,ITC42,2018,29100,
ESTAT:NAMA_10R_3GDP(1.0),20/02/24 11:00:00,A,EUR_HAB,ITC43,2018,31800,
ESTAT:NAMA_10R_3GDP(1.0),20/02/24 11:00:00,A,EUR_HAB,ITC44,2018,29700,
ESTAT:NAMA_10R_3GDP(1.0),20/02/24 11:00:00,A,EUR_HAB,ITC46,2018,33900,
ESTAT:NAMA_10R_3GDP(1.0),20/02/24 11:00:00,A,EUR_HAB,ITC47,2018,34600,
ESTAT:NAMA_10R_3GDP(1.0),20/02/24 11:00:00,A,EUR_HAB,ITC48,2018,25200,
ESTAT:NAMA_10R_3GDP(1.0),20/02/24 11:00:00,A,EUR_HAB,ITC49,2018,26900,
ESTAT:NAMA_10R_3GDP(1.0),20/02/24 11:00:00,A,EUR_HAB,ITC4A,2018,32300,
ESTAT:NAMA_10R_3GDP(1.0),20/02/24 11:00:00,A,EUR_HAB,ITC4B,2018,32600,
ESTAT:NAMA_10R_3GDP(1.0),20/02/24 11:00:00,A,EUR_HAB,ITC4C,2018,55800,
ESTAT:NAMA_10R_3GDP(1.0),20/02/24 11:00:00,A,EUR_HAB,ITC4D,2018,31200,
ESTAT:NAMA_10R_3GDP(1.0),20/02/24 11:00:00,A,EUR_HAB,ITF11,2018,25200,
ESTAT:NAMA_10R_3GDP(1.0),20/02/24 11:00:00,A,EUR_HAB,ITF12,2018,24000,
ESTAT:NAMA_10R_3GDP(1.0),20/02/24 11:00:00,A,EUR_HAB,ITF13,2018,25600,
ESTAT:NAMA_10R_3GDP(1.0),20/02/24 11:00:00,A,EUR_HAB,ITF14,2018,26100,
ESTAT:NAMA_10R_3GDP(1.0),20/02/24 11:00:00,A,EUR_HAB,ITF21,2018,20400,
ESTAT:NAMA_10R_3GDP(1.0),20/02/24 11:00:00,A,EUR_HAB,ITF22,2018,21400,
ESTAT:NAMA_10R_3GDP(1.0),20/02/24 11:00:00,A,EUR_HAB,ITF31,2018,16900,
ESTAT:NAMA_10R_3GDP(1.0),20/02/24 11:00:00,A,EUR_HAB,ITF32,2018,17400,
ESTAT:NAMA_10R_3GDP(1.0),20/02/24 11:00:00,A,EUR_HAB,ITF33,2018,19700,
ESTAT:NAMA_10R_3GDP(1.0),20/02/24 11:00:00,A,EUR_HAB,ITF34,2018,19100,
ESTAT:NAMA_10R_3GDP(1.0),20/02/24 11:00:00,A,EUR_HAB,ITF35,2018,19000,
ESTAT:NAMA_10R_3GDP(1.0),20/02/24 11:00:00,A,EUR_HAB,ITF43,2018,18400,
ESTAT:NAMA_10R_3GDP(1.0),20/02/24 11:00:00,A,EUR_HAB,ITF44,2018,18800,
ESTAT:NAMA_10R_3GDP(1.0),20/02/24 11:00:00,A,EUR_HAB,ITF45,2018,17100,
ESTAT:NAMA_10R_3GDP(1.0),20/02/24 11:00:00,A,EUR_HAB,ITF46,2018,18400,
ESTAT:NAMA_10R_3GDP(1.0),20/02/24 11:00:00,A,EUR_HAB,ITF47,2018,22200,
ESTAT:NAMA_10R_3GDP(1.0),20/02/24 11:00:00,A,EUR_HAB,ITF48,2018,16300,
ESTAT:NAMA_10R_3GDP(1.0),20/02/24 11:00:00,A,EUR_HAB,ITF51,2018,25500,
ESTAT:NAMA_10R_3GDP(1.0),20/02/24 11:00:00,A,EUR_HAB,ITF52,2018,19300,
ESTAT:NAMA_10R_3GDP(1.0),20/02/24 11:00:00,A,EUR_HAB,ITF61,2018,15800,
ESTAT:NAMA_10R_3GDP(1.0),20/02/24 11:00:00,A,EUR_HAB,ITF62,2018,18000,
ESTAT:NAMA_10R_3GDP(1.0),20/02/24 11:00:00,A,EUR_HAB,ITF63,2018,20200,
ESTAT:NAMA_10R_3GDP(1.0),20/02/24 11:00:00,A,EUR_HAB,ITF64,2018,16100,
ESTAT:NAMA_10R_3GDP(1.0),20/02/24 11:00:00,A,EUR_HAB,ITF65,2018,17700,
ESTAT:NAMA_10R_3GDP(1.0),20/02/24 11:00:00,A,EUR_HAB,ITG11,2018,16500,
ESTAT:NAMA_10R_3GDP(1.0),20/02/24 11:00:00,A,EUR_HAB,ITG12,2018,19100,
ESTAT:NAMA_10R_3GDP(1.0),20/02/24 11:00:00,A,EUR_HAB,ITG13,2018,18500,
ESTAT:NAMA_10R_3GDP(1.0),20/02/24 11:00:00,A,EUR_HAB,ITG14,2018,15300,
ESTAT:NAMA_10R_3GDP(1.0),20/02/24 11:00:00,A,EUR_HAB,ITG15,2018,15300,
ESTAT:NAMA_10R_3GDP(1.0),20/02/24 11:00:00,A,EUR_HAB,ITG16,2018,15800,
ESTAT:NAMA_10R_3GDP(1.0),20/02/24 11:00:00,A,EUR_HAB,ITG17,2018,18800,
ESTAT:NAMA_10R_3GDP(1.0),20/02/24 11:00:00,A,EUR_HAB,ITG18,2018,18400,
ESTAT:NAMA_10R_3GDP(1.0),20/02/24 11:00:00,A,EUR_HAB,ITG19,2018,18600,
ESTAT:NAMA_10R_3GDP(1.0),20/02/24 11:00:00,A,EUR_HAB,ITG2D,2018,20800,
ESTAT:NAMA_10R_3GDP(1.0),20/02/24 11:00:00,A,EUR_HAB,ITG2E,2018,18900,
ESTAT:NAMA_10R_3GDP(1.0),20/02/24 11:00:00,A,EUR_HAB,ITG2F,2018,28900,
ESTAT:NAMA_10R_3GDP(1.0),20/02/24 11:00:00,A,EUR_HAB,ITG2G,2018,18800,
ESTAT:NAMA_10R_3GDP(1.0),20/02/24 11:00:00,A,EUR_HAB,ITG2H,2018,15400,
ESTAT:NAMA_10R_3GDP(1.0),20/02/24 11:00:00,A,EUR_HAB,ITH10,2018,47300,
ESTAT:NAMA_10R_3GDP(1.0),20/02/24 11:00:00,A,EUR_HAB,ITH20,2018,38500,
ESTAT:NAMA_10R_3GDP(1.0),20/02/24 11:00:00,A,EUR_HAB,ITH31,2018,34400,
ESTAT:NAMA_10R_3GDP(1.0),20/02/24 11:00:00,A,EUR_HAB,ITH32,2018,34800,
ESTAT:NAMA_10R_3GDP(1.0),20/02/24 11:00:00,A,EUR_HAB,ITH33,2018,33300,
ESTAT:NAMA_10R_3GDP(1.0),20/02/24 11:00:00,A,EUR_HAB,ITH34,2018,33300,
ESTAT:NAMA_10R_3GDP(1.0),20/02/24 11:00:00,A,EUR_HAB,ITH35,2018,31900,
ESTAT:NAMA_10R_3GDP(1.0),20/02/24 11:00:00,A,EUR_HAB,ITH36,2018,34400,
ESTAT:NAMA_10R_3GDP(1.0),20/02/24 11:00:00,A,EUR_HAB,ITH37,2018,26300,
ESTAT:NAMA_10R_3GDP(1.0),20/02/24 11:00:00,A,EUR_HAB,ITH41,2018,31500,
ESTAT:NAMA_10R_3GDP(1.0),20/02/24 11:00:00,A,EUR_HAB,ITH42,2018,31300,
ESTAT:NAMA_10R_3GDP(1.0),20/02/24 11:00:00,A,EUR_HAB,ITH43,2018,28400,
ESTAT:NAMA_10R_3GDP(1.0),20/02/24 11:00:00,A,EUR_HAB,ITH44,2018,35400,
ESTAT:NAMA_10R_3GDP(1.0),20/02/24 11:00:00,A,EUR_HAB,ITH51,2018,33400,
ESTAT:NAMA_10R_3GDP(1.0),20/02/24 11:00:00,A,EUR_HAB,ITH52,2018,38600,
ESTAT:NAMA_10R_3GDP(1.0),20/02/24 11:00:00,A,EUR_HAB,ITH53,2018,36600,
ESTAT:NAMA_10R_3GDP(1.0),20/02/24 11:00:00,A,EUR_HAB,ITH54,2018,39000,
ESTAT:NAMA_10R_3GDP(1.0),20/02/24 11:00:00,A,EUR_HAB,ITH55,2018,41400,
ESTAT:NAMA_10R_3GDP(1.0),20/02/24 11:00:00,A,EUR_HAB,ITH56,2018,27300,
ESTAT:NAMA_10R_3GDP(1.0),20/02/24 11:00:00,A,EUR_HAB,ITH57,2018,32500,
ESTAT:NAMA_10R_3GDP(1.0),20/02/24 11:00:00,A,EUR_HAB,ITH58,2018,33000,
ESTAT:NAMA_10R_3GDP(1.0),20/02/24 11:00:00,A,EUR_HAB,ITH59,2018,30500,
ESTAT:NAMA_10R_3GDP(1.0),20/02/24 11:00:00,A,EUR_HAB,ITI11,2018,25300,
ESTAT:NAMA_10R_3GDP(1.0),20/02/24 11:00:00,A,EUR_HAB,ITI12,2018,28800,
ESTAT:NAMA_10R_3GDP(1.0),20/02/24 11:00:00,A,EUR_HAB,ITI13,2018,26500,
ESTAT:NAMA_10R_3GDP(1.0),20/02/24 11:00:00,A,EUR_HAB,ITI14,2018,38900,
ESTAT:NAMA_10R_3GDP(1.0),20/02/24 11:00:00,A,EUR_HAB,ITI15,2018,33000,
ESTAT:NAMA_10R_3GDP(1.0),20/02/24 11:00:00,A,EUR_HAB,ITI16,2018,26900,
ESTAT:NAMA_10R_3GDP(1.0),20/02/24 11:00:00,A,EUR_HAB,ITI17,2018,32300,
ESTAT:NAMA_10R_3GDP(1.0),20/02/24 11:00:00,A,EUR_HAB,ITI18,2018,28900,
ESTAT:NAMA_10R_3GDP(1.0),20/02/24 11:00:00,A,EUR_HAB,ITI19,2018,32100,
ESTAT:NAMA_10R_3GDP(1.0),20/02/24 11:00:00,A,EUR_HAB,ITI1A,2018,24800,
ESTAT:NAMA_10R_3GDP(1.0),20/02/24 11:00:00,A,EUR_HAB,ITI21,2018,26700,
ESTAT:NAMA_10R_3GDP(1.0),20/02/24 11:00:00,A,EUR_HAB,ITI22,2018,24800,
ESTAT:NAMA_10R_3GDP(1.0),20/02/24 11:00:00,A,EUR_HAB,ITI31,2018,27500,
ESTAT:NAMA_10R_3GDP(1.0),20/02/24 11:00:00,A,EUR_HAB,ITI32,2018,30500,
ESTAT:NAMA_10R_3GDP(1.0),20/02/24 11:00:00,A,EUR_HAB,ITI33,2018,27000,
ESTAT:NAMA_10R_3GDP(1.0),20/02/24 11:00:00,A,EUR_HAB,ITI34,2018,25200,
ESTAT:NAMA_10R_3GDP(1.0),20/02/24 11:00:00,A,EUR_HAB,ITI35,2018,25000,
ESTAT:NAMA_10R_3GDP(1.0),20/02/24 11:00:00,A,EUR_HAB,ITI41,2018,21600,
ESTAT:NAMA_10R_3GDP(1.0),20/02/24 11:00:00,A,EUR_HAB,ITI42,2018,19600,
ESTAT:NAMA_10R_3GDP(1.0),20/02/24 11:00:00,A,EUR_HAB,ITI43,2018,38800,
ESTAT:NAMA_10R_3GDP(1.0),20/02/24 11:00:00,A,EUR_HAB,ITI44,2018,23100,
ESTAT:NAMA_10R_3GDP(1.0),20/02/24 11:00:00,A,EUR_HAB,ITI45,2018,22900,
ESTAT:NAMA_10R_3GDP(1.0),20/02/24 11:00:00,A,EUR_HAB,LT011,2018,23500,
ESTAT:NAMA_10R_3GDP(1.0),20/02/24 11:00:00,A,EUR_HAB,LT021,2018,9900,
ESTAT:NAMA_10R_3GDP(1.0),20/02/24 11:00:00,A,EUR_HAB,LT022,2018,16600,
ESTAT:NAMA_10R_3GDP(1.0),20/02/24 11:00:00,A,EUR_HAB,LT023,2018,15700,
ESTAT:NAMA_10R_3GDP(1.0),20/02/24 11:00:00,A,EUR_HAB,LT024,2018,9500,
ESTAT:NAMA_10R_3GDP(1.0),20/02/24 11:00:00,A,EUR_HAB,LT025,2018,11900,
ESTAT:NAMA_10R_3GDP(1.0),20/02/24 11:00:00,A,EUR_HAB,LT026,2018,12400,
ESTAT:NAMA_10R_3GDP(1.0),20/02/24 11:00:00,A,EUR_HAB,LT027,2018,9300,
ESTAT:NAMA_10R_3GDP(1.0),20/02/24 11:00:00,A,EUR_HAB,LT028,2018,11700,
ESTAT:NAMA_10R_3GDP(1.0),20/02/24 11:00:00,A,EUR_HAB,LT029,2018,9500,
ESTAT:NAMA_10R_3GDP(1.0),20/02/24 11:00:00,A,EUR_HAB,LU000,2018,98900,
ESTAT:NAMA_10R_3GDP(1.0),20/02/24 11:00:00,A,EUR_HAB,LV003,2018,11500,
ESTAT:NAMA_10R_3GDP(1.0),20/02/24 11:00:00,A,EUR_HAB,LV005,2018,7100,
ESTAT:NAMA_10R_3GDP(1.0),20/02/24 11:00:00,A,EUR_HAB,LV006,2018,24400,
ESTAT:NAMA_10R_3GDP(1.0),20/02/24 11:00:00,A,EUR_HAB,LV007,2018,13000,
ESTAT:NAMA_10R_3GDP(1.0),20/02/24 11:00:00,A,EUR_HAB,LV008,2018,10400,
ESTAT:NAMA_10R_3GDP(1.0),20/02/24 11:00:00,A,EUR_HAB,LV009,2018,9900,
ESTAT:NAMA_10R_3GDP(1.0),20/02/24 11:00:00,A,EUR_HAB,ME000,2018,7500,
ESTAT:NAMA_10R_3GDP(1.0),20/02/24 11:00:00,A,EUR_HAB,MK001,2018,5700,e
ESTAT:NAMA_10R_3GDP(1.0),20/02/24 11:00:00,A,EUR_HAB,MK002,2018,5600,e
ESTAT:NAMA_10R_3GDP(1.0),20/02/24 11:00:00,A,EUR_HAB,MK003,2018,4800,e
ESTAT:NAMA_10R_3GDP(1.0),20/02/24 11:00:00,A,EUR_HAB,MK004,2018,6500,e
ESTAT:NAMA_10R_3GDP(1.0),20/02/24 11:00:00,A,EUR_HAB,MK005,2018,5500,e
ESTAT:NAMA_10R_3GDP(1.0),20/02/24 11:00:00,A,EUR_HAB,MK006,2018,2900,e
ESTAT:NAMA_10R_3GDP(1.0),20/02/24 11:00:00,A,EUR_HAB,MK007,2018,3300,e
ESTAT:NAMA_10R_3GDP(1.0),20/02/24 11:00:00,A,EUR_HAB,MK008,2018,7700,e
ESTAT:NAMA_10R_3GDP(1.0),20/02/24 11:00:00,A,EUR_HAB,MT001,2018,27600,
ESTAT:NAMA_10R_3GDP(1.0),20/02/24 11:00:00,A,EUR_HAB,MT002,2018,16500,
ESTAT:NAMA_10R_3GDP(1.0),20/02/24 11:00:00,A,EUR_HAB,NL111,2018,23500,
ESTAT:NAMA_10R_3GDP(1.0),20/02/24 11:00:00,A,EUR_HAB,NL112,2018,35200,
ESTAT:NAMA_10R_3GDP(1.0),20/02/24 11:00:00,A,EUR_HAB,NL113,2018,50000,
ESTAT:NAMA_10R_3GDP(1.0),20/02/24 11:00:00,A,EUR_HAB,NL124,2018,30500,
ESTAT:NAMA_10R_3GDP(1.0),20/02/24 11:00:00,A,EUR_HAB,NL125,2018,27700,
ESTAT:NAMA_10R_3GDP(1.0),20/02/24 11:00:00,A,EUR_HAB,NL126,2018,34000,
ESTAT:NAMA_10R_3GDP(1.0),20/02/24 11:00:00,A,EUR_HAB,NL131,2018,29600,
ESTAT:NAMA_10R_3GDP(1.0),20/02/24 11:00:00,A,EUR_HAB,NL132,2018,30500,
ESTAT:NAMA_10R_3GDP(1.0),20/02/24 11:00:00,A,EUR_HAB,NL133,2018,32900,
ESTAT:NAMA_10R_3GDP(1.0),20/02/24 11:00:00,A,EUR_HAB,NL211,2018,41000,
ESTAT:NAMA_10R_3GDP(1.0),20/02/24 11:00:00,A,EUR_HAB,NL212,2018,36700,
ESTAT:NAMA_10R_3GDP(1.0),20/02/24 11:00:00,A,EUR_HAB,NL213,2018,36000,
ESTAT:NAMA_10R_3GDP(1.0),20/02/24 11:00:00,A,EUR_HAB,NL221,2018,40200,
ESTAT:NAMA_10R_3GDP(1.0),20/02/24 11:00:00,A,EUR_HAB,NL224,2018,38500,
ESTAT:NAMA_10R_3GDP(1.0),20/02/24 11:00:00,A,EUR_HAB,NL225,2018,32300,
ESTAT:NAMA_10R_3GDP(1.0),20/02/24 11:00:00,A,EUR_HAB,NL226,2018,38400,
ESTAT:NAMA_10R_3GDP(1.0),20/02/24 11:00:00,A,EUR_HAB,NL230,2018,33400,
ESTAT:NAMA_10R_3GDP(1.0),20/02/24 11:00:00,A,EUR_HAB,NL310,2018,55300,
ESTAT:NAMA_10R_3GDP(1.0),20/02/24 11:00:00,A,EUR_HAB,NL321,2018,29700,
ESTAT:NAMA_10R_3GDP(1.0),20/02/24 11:00:00,A,EUR_HAB,NL323,2018,34600,
ESTAT:NAMA_10R_3GDP(1.0),20/02/24 11:00:00,A,EUR_HAB,NL324,2018,32000,
ESTAT:NAMA_10R_3GDP(1.0),20/02/24 11:00:00,A,EUR_HAB,NL325,2018,29900,
ESTAT:NAMA_10R_3GDP(1.0),20/02/24 11:00:00,A,EUR_HAB,NL327,2018,42700,
ESTAT:NAMA_10R_3GDP(1.0),20/02/24 11:00:00,A,EUR_HAB,NL328,2018,33000,
ESTAT:NAMA_10R_3GDP(1.0),20/02/24 11:00:00,A,EUR_HAB,NL329,2018,87500,
ESTAT:NAMA_10R_3GDP(1.0),20/02/24 11:00:00,A,EUR_HAB,NL332,2018,44100,
ESTAT:NAMA_10R_3GDP(1.0),20/02/24 11:00:00,A,EUR_HAB,NL333,2018,50800,
ESTAT:NAMA_10R_3GDP(1.0),20/02/24 11:00:00,A,EUR_HAB,NL337,2018,37400,
ESTAT:NAMA_10R_3GDP(1.0),20/02/24 11:00:00,A,EUR_HAB,NL33A,2018,40600,
ESTAT:NAMA_10R_3GDP(1.0),20/02/24 11:00:00,A,EUR_HAB,NL33B,2018,34100,
ESTAT:NAMA_10R_3GDP(1.0),20/02/24 11:00:00,A,EUR_HAB,NL33C,2018,47700,
ESTAT:NAMA_10R_3GDP(1.0),20/02/24 11:00:00,A,EUR_HAB,NL341,2018,41100,
ESTAT:NAMA_10R_3GDP(1.0),20/02/24 11:00:00,A,EUR_HAB,NL342,2018,34200,
ESTAT:NAMA_10R_3GDP(1.0),20/02/24 11:00:00,A,EUR_HAB,NL411,2018,45100,
ESTAT:NAMA_10R_3GDP(1.0),20/02/24 11:00:00,A,EUR_HAB,NL412,2018,38500,
ESTAT:NAMA_10R_3GDP(1.0),20/02/24 11:00:00,A,EUR_HAB,NL413,2018,43600,
ESTAT:NAMA_10R_3GDP(1.0),20/02/24 11:00:00,A,EUR_HAB,NL414,2018,51900,
ESTAT:NAMA_10R_3GDP(1.0),20/02/24 11:00:00,A,EUR_HAB,NL421,2018,41700,
ESTAT:NAMA_10R_3GDP(1.0),20/02/24 11:00:00,A,EUR_HAB,NL422,2018,35300,
ESTAT:NAMA_10R_3GDP(1.0),20/02/24 11:00:00,A,EUR_HAB,NL423,2018,40400,
ESTAT:NAMA_10R_3GDP(1.0),20/02/24 11:00:00,A,EUR_HAB,NO020,2018,44200,
ESTAT:NAMA_10R_3GDP(1.0),20/02/24 11:00:00,A,EUR_HAB,NO060,2018,54500,
ESTAT:NAMA_10R_3GDP(1.0),20/02/24 11:00:00,A,EUR_HAB,NO071,2018,52400,
ESTAT:NAMA_10R_3GDP(1.0),20/02/24 11:00:00,A,EUR_HAB,NO074,2018,54300,
ESTAT:NAMA_10R_3GDP(1.0),20/02/24 11:00:00,A,EUR_HAB,NO081,2018,97400,
ESTAT:NAMA_10R_3GDP(1.0),20/02/24 11:00:00,A,EUR_HAB,NO082,2018,48200,
ESTAT:NAMA_10R_3GDP(1.0),20/02/24 11:00:00,A,EUR_HAB,NO091,2018,45400,
ESTAT:NAMA_10R_3GDP(1.0),20/02/24 11:00:00,A,EUR_HAB,NO092,2018,46100,
ESTAT:NAMA_10R_3GDP(1.0),20/02/24 11:00:00,A,EUR_HAB,NO0A1,2018,60500,
ESTAT:NAMA_10R_3GDP(1.0),20/02/24 11:00:00,A,EUR_HAB,NO0A2,2018,56500,
ESTAT:NAMA_10R_3GDP(1.0),20/02/24 11:00:00,A,EUR_HAB,NO0A3,2018,51300,
ESTAT:NAMA_10R_3GDP(1.0),20/02/24 11:00:00,A,EUR_HAB,PL213,2018,21900,
ESTAT:NAMA_10R_3GDP(1.0),20/02/24 11:00:00,A,EUR_HAB,PL214,2018,10100,
ESTAT:NAMA_10R_3GDP(1.0),20/02/24 11:00:00,A,EUR_HAB,PL217,2018,8300,
ESTAT:NAMA_10R_3GDP(1.0),20/02/24 11:00:00,A,EUR_HAB,PL218,2018,8300,
ESTAT:NAMA_10R_3GDP(1.0),20/02/24 11:00:00,A,EUR_HAB,PL219,2018,7600,
ESTAT:NAMA_10R_3GDP(1.0),20/02/24 11:00:00,A,EUR_HAB,PL21A,2018,9700,
ESTAT:NAMA_10R_3GDP(1.0),20/02/24 11:00:00,A,EUR_HAB,PL224,2018,11300,
ESTAT:NAMA_10R_3GDP(1.0),20/02/24 11:00:00,A,EUR_HAB,PL225,2018,13400,
ESTAT:NAMA_10R_3GDP(1.0),20/02/24 11:00:00,A,EUR_HAB,PL227,2018,11600,
ESTAT:NAMA_10R_3GDP(1.0),20/02/24 11:00:00,A,EUR_HAB,PL228,2018,9700,
ESTAT:NAMA_10R_3GDP(1.0),20/02/24 11:00:00,A,EUR_HAB,PL229,2018,15300,
ESTAT:NAMA_10R_3GDP(1.0),20/02/24 11:00:00,A,EUR_HAB,PL22A,2018,17500,
ESTAT:NAMA_10R_3GDP(1.0),20/02/24 11:00:00,A,EUR_HAB,PL22B,2018,12400,
ESTAT:NAMA_10R_3GDP(1.0),20/02/24 11:00:00,A,EUR_HAB,PL22C,2018,16000,
ESTAT:NAMA_10R_3GDP(1.0),20/02/24 11:00:00,A,EUR_HAB,PL411,2018,9900,
ESTAT:NAMA_10R_3GDP(1.0),20/02/24 11:00:00,A,EUR_HAB,PL414,2018,10100,
ESTAT:NAMA_10R_3GDP(1.0),20/02/24 11:00:00,A,EUR_HAB,PL415,2018,25400,
ESTAT:NAMA_10R_3GDP(1.0),20/02/24 11:00:00,A,EUR_HAB,PL416,2018,11700,
ESTAT:NAMA_10R_3GDP(1.0),20/02/24 11:00:00,A,EUR_HAB,PL417,2018,11600,
ESTAT:NAMA_10R_3GDP(1.0),20/02/24 11:00:00,A,EUR_HAB,PL418,2018,15700,
ESTAT:NAMA_10R_3GDP(1.0),20/02/24 11:00:00,A,EUR_HAB,PL424,2018,15600,
ESTAT:NAMA_10R_3GDP(1.0),20/02/24 11:00:00,A,EUR_HAB,PL426,2018,10500,
ESTAT:NAMA_10R_3GDP(1.0),20/02/24 11:00:00,A,EUR_HAB,PL427,2018,7700,
ESTAT:NAMA_10R_3GDP(1.0),20/02/24 11:00:00,A,EUR_HAB,PL428,2018,10100,
ESTAT:NAMA_10R_3GDP(1.0),20/02/24 11:00:00,A,EUR_HAB,PL431,2018,10500,
ESTAT:NAMA_10R_3GDP(1.0),20/02/24 11:00:00,A,EUR_HAB,PL432,2018,10800,
ESTAT:NAMA_10R_3GDP(1.0),20/02/24 11:00:00,A,EUR_HAB,PL514,2018,22300,
ESTAT:NAMA_10R_3GDP(1.0),20/02/24 11:00:00,A,EUR_HAB,PL515,2018,10100,
ESTAT:NAMA_10R_3GDP(1.0),20/02/24 11:00:00,A,EUR_HAB,PL516,2018,16100,
ESTAT:NAMA_10R_3GDP(1.0),20/02/24 11:00:00,A,EUR_HAB,PL517,2018,9400,
ESTAT:NAMA_10R_3GDP(1.0),20/02/24 11:00:00,A,EUR_HAB,PL518,2018,13300,
ESTAT:NAMA_10R_3GDP(1.0),20/02/24 11:00:00,A,EUR_HAB,PL523,2018,7800,
ESTAT:NAMA_10R_3GDP(1.0),20/02/24 11:00:00,A,EUR_HAB,PL524,2018,11800,
ESTAT:NAMA_10R_3GDP(1.0),20/02/24 11:00:00,A,EUR_HAB,PL613,2018,13200,
ESTAT:NAMA_10R_3GDP(1.0),20/02/24 11:00:00,A,EUR_HAB,PL616,2018,8800,
ESTAT:NAMA_10R_3GDP(1.0),20/02/24 11:00:00,A,EUR_HAB,PL617,2018,8500,
ESTAT:NAMA_10R_3GDP(1.0),20/02/24 11:00:00,A,EUR_HAB,PL618,2018,11100,
ESTAT:NAMA_10R_3GDP(1.0),20/02/24 11:00:00,A,EUR_HAB,PL619,2018,8500,
ESTAT:NAMA_10R_3GDP(1.0),20/02/24 11:00:00,A,EUR_HAB,PL621,2018,8700,
ESTAT:NAMA_10R_3GDP(1.0),20/02/24 11:00:00,A,EUR_HAB,PL622,2018,10000,
ESTAT:NAMA_10R_3GDP(1.0),20/02/24 11:00:00,A,EUR_HAB,PL623,2018,7300,
ESTAT:NAMA_10R_3GDP(1.0),20/02/24 11:00:00,A,EUR_HAB,PL633,2018,19300,
ESTAT:NAMA_10R_3GDP(1.0),20/02/24 11:00:00,A,EUR_HAB,PL634,2018,9500,
ESTAT:NAMA_10R_3GDP(1.0),20/02/24 11:00:00,A,EUR_HAB,PL636,2018,9800,
ESTAT:NAMA_10R_3GDP(1.0),20/02/24 11:00:00,A,EUR_HAB,PL637,2018,8500,
ESTAT:NAMA_10R_3GDP(1.0),20/02/24 11:00:00,A,EUR_HAB,PL638,2018,9600,
ESTAT:NAMA_10R_3GDP(1.0),20/02/24 11:00:00,A,EUR_HAB,PL711,2018,16600,
ESTAT:NAMA_10R_3GDP(1.0),20/02/24 11:00:00,A,EUR_HAB,PL712,2018,10800,
ESTAT:NAMA_10R_3GDP(1.0),20/02/24 11:00:00,A,EUR_HAB,PL713,2018,12100,
ESTAT:NAMA_10R_3GDP(1.0),20/02/24 11:00:00,A,EUR_HAB,PL714,2018,8700,
ESTAT:NAMA_10R_3GDP(1.0),20/02/24 11:00:00,A,EUR_HAB,PL715,2018,9100,
ESTAT:NAMA_10R_3GDP(1.0),20/02/24 11:00:00,A,EUR_HAB,PL721,2018,10300,
ESTAT:NAMA_10R_3GDP(1.0),20/02/24 11:00:00,A,EUR_HAB,PL722,2018,8000,
ESTAT:NAMA_10R_3GDP(1.0),20/02/24 11:00:00,A,EUR_HAB,PL811,2018,7900,
ESTAT:NAMA_10R_3GDP(1.0),20/02/24 11:00:00,A,EUR_HAB,PL812,2018,6700,
ESTAT:NAMA_10R_3GDP(1.0),20/02/24 11:00:00,A,EUR_HAB,PL814,2018,11800,
ESTAT:NAMA_10R_3GDP(1.0),20/02/24 11:00:00,A,EUR_HAB,PL815,2018,7800,
ESTAT:NAMA_10R_3GDP(1.0),20/02/24 11:00:00,A,EUR_HAB,PL821,2018,7600,
ESTAT:NAMA_10R_3GDP(1.0),20/02/24 11:00:00,A,EUR_HAB,PL822,2018,6800,
ESTAT:NAMA_10R_3GDP(1.0),20/02/24 11:00:00,A,EUR_HAB,PL823,2018,11400,
ESTAT:NAMA_10R_3GDP(1.0),20/02/24 11:00:00,A,EUR_HAB,PL824,2018,9500,
ESTAT:NAMA_10R_3GDP(1.0),20/02/24 11:00:00,A,EUR_HAB,PL841,2018,10700,
ESTAT:NAMA_10R_3GDP(1.0),20/02/24 11:00:00,A,EUR_HAB,PL842,2018,8400,
ESTAT:NAMA_10R_3GDP(1.0),20/02/24 11:00:00,A,EUR_HAB,PL843,2018,8100,
ESTAT:NAMA_10R_3GDP(1.0),20/02/24 11:00:00,A,EUR_HAB,PL911,2018,38300,
ESTAT:NAMA_10R_3GDP(1.0),20/02/24 11:00:00,A,EUR_HAB,PL912,2018,11000,
ESTAT:NAMA_10R_3GDP(1.0),20/02/24 11:00:00,A,EUR_HAB,PL913,2018,18500,
ESTAT:NAMA_10R_3GDP(1.0),20/02/24 11:00:00,A,EUR_HAB,PL921,2018,8900,
ESTAT:NAMA_10R_3GDP(1.0),20/02/24 11:00:00,A,EUR_HAB,PL922,2018,9700,
ESTAT:NAMA_10R_3GDP(1.0),20/02/24 11:00:00,A,EUR_HAB,PL923,2018,19200,
ESTAT:NAMA_10R_3GDP(1.0),20/02/24 11:00:00,A,EUR_HAB,PL924,2018,9800,
ESTAT:NAMA_10R_3GDP(1.0),20/02/24 11:00:00,A,EUR_HAB,PL925,2018,9900,
ESTAT:NAMA_10R_3GDP(1.0),20/02/24 11:00:00,A,EUR_HAB,PL926,2018,11000,
ESTAT:NAMA_10R_3GDP(1.0),20/02/24 11:00:00,A,EUR_HAB,PT111,2018,15500,
ESTAT:NAMA_10R_3GDP(1.0),20/02/24 11:00:00,A,EUR_HAB,PT112,2018,16800,
ESTAT:NAMA_10R_3GDP(1.0),20/02/24 11:00:00,A,EUR_HAB,PT119,2018,16700,
ESTAT:NAMA_10R_3GDP(1.0),20/02/24 11:00:00,A,EUR_HAB,PT11A,2018,19200,
ESTAT:NAMA_10R_3GDP(1.0),20/02/24 11:00:00,A,EUR_HAB,PT11B,2018,12600,
ESTAT:NAMA_10R_3GDP(1.0),20/02/24 11:00:00,A,EUR_HAB,PT11C,2018,12100,
ESTAT:NAMA_10R_3GDP(1.0),20/02/24 11:00:00,A,EUR_HAB,PT11D,2018,14500,
ESTAT:NAMA_10R_3GDP(1.0),20/02/24 11:00:00,A,EUR_HAB,PT11E,2018,15400,
ESTAT:NAMA_10R_3GDP(1.0),20/02/24 11:00:00,A,EUR_HAB,PT150,2018,22200,
ESTAT:NAMA_10R_3GDP(1.0),20/02/24 11:00:00,A,EUR_HAB,PT16B,2018,16200,
ESTAT:NAMA_10R_3GDP(1.0),20/02/24 11:00:00,A,EUR_HAB,PT16D,2018,19800,
ESTAT:NAMA_10R_3GDP(1.0),20/02/24 11:00:00,A,EUR_HAB,PT16E,2018,18300,
ESTAT:NAMA_10R_3GDP(1.0),20/02/24 11:00:00,A,EUR_HAB,PT16F,2018,19600,
ESTAT:NAMA_10R_3GDP(1.0),20/02/24 11:00:00,A,EUR_HAB,PT16G,2018,15000,
ESTAT:NAMA_10R_3GDP(1.0),20/02/24 11:00:00,A,EUR_HAB,PT16H,2018,17600,
ESTAT:NAMA_10R_3GDP(1.0),20/02/24 11:00:00,A,EUR_HAB,PT16I,2018,16200,
ESTAT:NAMA_10R_3GDP(1.0),20/02/24 11:00:00,A,EUR_HAB,PT16J,2018,13600,
ESTAT:NAMA_10R_3GDP(1.0),20/02/24 11:00:00,A,EUR_HAB,PT170,2018,25900,
ESTAT:NAMA_10R_3GDP(1.0),20/02/24 11:00:00,A,EUR_HAB,PT181,2018,25400,
ESTAT:NAMA_10R_3GDP(1.0),20/02/24 11:00:00,A,EUR_HAB,PT184,2018,19500,
ESTAT:NAMA_10R_3GDP(1.0),20/02/24 11:00:00,A,EUR_HAB,PT185,2018,16900,
ESTAT:NAMA_10R_3GDP(1.0),20/02/24 11:00:00,A,EUR_HAB,PT186,2018,15500,
ESTAT:NAMA_10R_3GDP(1.0),20/02/24 11:00:00,A,EUR_HAB,PT187,2018,18000,
ESTAT:NAMA_10R_3GDP(1.0),20/02/24 11:00:00,A,EUR_HAB,PT200,2018,17600,
ESTAT:NAMA_10R_3GDP(1.0),20/02/24 11:00:00,A,EUR_HAB,PT300,2018,19400,
ESTAT:NAMA_10R_3GDP(1.0),20/02/24 11:00:00,A,EUR_HAB,RO111,2018,8500,
ESTAT:NAMA_10R_3GDP(1.0),20/02/24 11:00:00,A,EUR_HAB,RO112,2018,7500,
ESTAT:NAMA_10R_3GDP(1.0),20/02/24 11:00:00,A,EUR_HAB,RO113,2018,14400,
ESTAT:NAMA_10R_3GDP(1.0),20/02/24 11:00:00,A,EUR_HAB,RO114,2018,7400,
ESTAT:NAMA_10R_3GDP(1.0),20/02/24 11:00:00,A,EUR_HAB,RO115,2018,7600,
ESTAT:NAMA_10R_3GDP(1.0),20/02/24 11:00:00,A,EUR_HAB,RO116,2018,8400,
ESTAT:NAMA_10R_3GDP(1.0),20/02/24 11:00:00,A,EUR_HAB,RO121,2018,10800,
ESTAT:NAMA_10R_3GDP(1.0),20/02/24 11:00:00,A,EUR_HAB,RO122,2018,12700,
ESTAT:NAMA_10R_3GDP(1.0),20/02/24 11:00:00,A,EUR_HAB,RO123,2018,7700,
ESTAT:NAMA_10R_3GDP(1.0),20/02/24 11:00:00,A,EUR_HAB,RO124,2018,7600,
ESTAT:NAMA_10R_3GDP(1.0),20/02/24 11:00:00,A,EUR_HAB,RO125,2018,8400,
ESTAT:NAMA_10R_3GDP(1.0),20/02/24 11:00:00,A,EUR_HAB,RO126,2018,11500,
ESTAT:NAMA_10R_3GDP(1.0),20/02/24 11:00:00,A,EUR_HAB,RO211,2018,6700,
ESTAT:NAMA_10R_3GDP(1.0),20/02/24 11:00:00,A,EUR_HAB,RO212,2018,5500,
ESTAT:NAMA_10R_3GDP(1.0),20/02/24 11:00:00,A,EUR_HAB,RO213,2018,8500,
ESTAT:NAMA_10R_3GDP(1.0),20/02/24 11:00:00,A,EUR_HAB,RO214,2018,6600,
ESTAT:NAMA_10R_3GDP(1.0),20/02/24 11:00:00,A,EUR_HAB,RO215,2018,6200,
ESTAT:NAMA_10R_3GDP(1.0),20/02/24 11:00:00,A,EUR_HAB,RO216,2018,5000,
ESTAT:NAMA_10R_3GDP(1.0),20/02/24 11:00:00,A,EUR_HAB,RO221,2018,7900,
ESTAT:NAMA_10R_3GDP(1.0),20/02/24 11:00:00,A,EUR_HAB,RO222,2018,7100,
ESTAT:NAMA_10R_3GDP(1.0),20/02/24 11:00:00,A,EUR_HAB,RO223,2018,12600,
ESTAT:NAMA_10R_3GDP(1.0),20/02/24 11:00:00,A,EUR_HAB,RO224,2018,7100,
ESTAT:NAMA_10R_3GDP(1.0),20/02/24 11:00:00,A,EUR_HAB,RO225,2018,8500,
ESTAT:NAMA_10R_3GDP(1.0),20/02/24 11:00:00,A,EUR_HAB,RO226,2018,6500,
ESTAT:NAMA_10R_3GDP(1.0),20/02/24 11:00:00,A,EUR_HAB,RO311,2018,9800,
ESTAT:NAMA_10R_3GDP(1.0),20/02/24 11:00:00,A,EUR_HAB,RO312,2018,5700,
ESTAT:NAMA_10R_3GDP(1.0),20/02/24 11:00:00,A,EUR_HAB,RO313,2018,7100,
ESTAT:NAMA_10R_3GDP(1.0),20/02/24 11:00:00,A,EUR_HAB,RO314,2018,6200,
ESTAT:NAMA_10R_3GDP(1.0),20/02/24 11:00:00,A,EUR_HAB,RO315,2018,6800,
ESTAT:NAMA_10R_3GDP(1.0),20/02/24 11:00:00,A,EUR_HAB,RO316,2018,11100,
ESTAT:NAMA_10R_3GDP(1.0),20/02/24 11:00:00,A,EUR_HAB,RO317,2018,6100,
ESTAT:NAMA_10R_3GDP(1.0),20/02/24 11:00:00,A,EUR_HAB,RO321,2018,27000,
ESTAT:NAMA_10R_3GDP(1.0),20/02/24 11:00:00,A,EUR_HAB,RO322,2018,12100,
ESTAT:NAMA_10R_3GDP(1.0),20/02/24 11:00:00,A,EUR_HAB,RO411,2018,8200,
ESTAT:NAMA_10R_3GDP(1.0),20/02/24 11:00:00,A,EUR_HAB,RO412,2018,10600,
ESTAT:NAMA_10R_3GDP(1.0),20/02/24 11:00:00,A,EUR_HAB,RO413,2018,7200,
ESTAT:NAMA_10R_3GDP(1.0),20/02/24 11:00:00,A,EUR_HAB,RO414,2018,6700,
ESTAT:NAMA_10R_3GDP(1.0),20/02/24 11:00:00,A,EUR_HAB,RO415,2018,8400,
ESTAT:NAMA_10R_3GDP(1.0),20/02/24 11:00:00,A,EUR_HAB,RO421,2018,10700,
ESTAT:NAMA_10R_3GDP(1.0),20/02/24 11:00:00,A,EUR_HAB,RO422,2018,7900,
ESTAT:NAMA_10R_3GDP(1.0),20/02/24 11:00:00,A,EUR_HAB,RO423,2018,8300,
ESTAT:NAMA_10R_3GDP(1.0),20/02/24 11:00:00,A,EUR_HAB,RO424,2018,13500,
ESTAT:NAMA_10R_3GDP(1.0),20/02/24 11:00:00,A,EUR_HAB,RS211,2018,4600,
ESTAT:NAMA_10R_3GDP(1.0),20/02/24 11:00:00,A,EUR_HAB,RS212,2018,4500,
ESTAT:NAMA_10R_3GDP(1.0),20/02/24 11:00:00,A,EUR_HAB,RS213,2018,3700,
ESTAT:NAMA_10R_3GDP(1.0),20/02/24 11:00:00,A,EUR_HAB,RS214,2018,5300,
ESTAT:NAMA_10R_3GDP(1.0),20/02/24 11:00:00,A,EUR_HAB,RS215,2018,3700,
ESTAT:NAMA_10R_3GDP(1.0),20/02/24 11:00:00,A,EUR_HAB,RS216,2018,3700,
ESTAT:NAMA_10R_3GDP(1.0),20/02/24 11:00:00,A,EUR_HAB,RS217,2018,3200,
ESTAT:NAMA_10R_3GDP(1.0),20/02/24 11:00:00,A,EUR_HAB,RS218,2018,4700,
ESTAT:NAMA_10R_3GDP(1.0),20/02/24 11:00:00,A,EUR_HAB,RS221,2018,5900,
ESTAT:NAMA_10R_3GDP(1.0),20/02/24 11:00:00,A,EUR_HAB,RS222,2018,5100,
ESTAT:NAMA_10R_3GDP(1.0),20/02/24 11:00:00,A,EUR_HAB,RS223,2018,3500,
ESTAT:NAMA_10R_3GDP(1.0),20/02/24 11:00:00,A,EUR_HAB,RS224,2018,2900,
ESTAT:NAMA_10R_3GDP(1.0),20/02/24 11:00:00,A,EUR_HAB,RS225,2018,4500,
ESTAT:NAMA_10R_3GDP(1.0),20/02/24 11:00:00,A,EUR_HAB,RS226,2018,5500,
ESTAT:NAMA_10R_3GDP(1.0),20/02/24 11:00:00,A,EUR_HAB,RS227,2018,3300,
ESTAT:NAMA_10R_3GDP(1.0),20/02/24 11:00:00,A,EUR_HAB,RS228,2018,2800,
ESTAT:NAMA_10R_3GDP(1.0),20/02/24 11:00:00,A,EUR_HAB,RS229,2018,3600,
ESTAT:NAMA_10R_3GDP(1.0),20/02/24 11:00:00,A,EUR_HAB,SE110,2018,63600,
ESTAT:NAMA_10R_3GDP(1.0),20/02/24 11:00:00,A,EUR_HAB,SE121,2018,43500,
ESTAT:NAMA_10R_3GDP(1.0),20/02/24 11:00:00,A,EUR_HAB,SE122,2018,34900,
ESTAT:NAMA_10R_3GDP(1.0),20/02/24 11:00:00,A,EUR_HAB,SE123,2018,41000,
ESTAT:NAMA_10R_3GDP(1.0),20/02/24 11:00:00,A,EUR_HAB,SE124,2018,40100,
ESTAT:NAMA_10R_3GDP(1.0),20/02/24 11:00:00,A,EUR_HAB,SE125,2018,37800,
ESTAT:NAMA_10R_3GDP(1.0),20/02/24 11:00:00,A,EUR_HAB,SE211,2018,41100,
ESTAT:NAMA_10R_3GDP(1.0),20/02/24 11:00:00,A,EUR_HAB,SE212,2018,44200,
ESTAT:NAMA_10R_3GDP(1.0),20/02/24 11:00:00,A,EUR_HAB,SE213,2018,35500,
ESTAT:NAMA_10R_3GDP(1.0),20/02/24 11:00:00,A,EUR_HAB,SE214,2018,34200,
ESTAT:NAMA_10R_3GDP(1.0),20/02/24 11:00:00,A,EUR_HAB,SE221,2018,37300,
ESTAT:NAMA_10R_3GDP(1.0),20/02/24 11:00:00,A,EUR_HAB,SE224,2018,39900,
ESTAT:NAMA_10R_3GDP(1.0),20/02/24 11:00:00,A,EUR_HAB,SE231,2018,36200,
ESTAT:NAMA_10R_3GDP(1.0),20/02/24 11:00:00,A,EUR_HAB,SE232,2018,46600,
ESTAT:NAMA_10R_3GDP(1.0),20/02/24 11:00:00,A,EUR_HAB,SE311,2018,36800,
ESTAT:NAMA_10R_3GDP(1.0),20/02/24 11:00:00,A,EUR_HAB,SE312,2018,37900,
ESTAT:NAMA_10R_3GDP(1.0),20/02/24 11:00:00,A,EUR_HAB,SE313,2018,37200,
ESTAT:NAMA_10R_3GDP(1.0),20/02/24 11:00:00,A,EUR_HAB,SE321,2018,40800,
ESTAT:NAMA_10R_3GDP(1.0),20/02/24 11:00:00,A,EUR_HAB,SE322,2018,37400,
ESTAT:NAMA_10R_3GDP(1.0),20/02/24 11:00:00,A,EUR_HAB,SE331,2018,40500,
ESTAT:NAMA_10R_3GDP(1.0),20/02/24 11:00:00,A,EUR_HAB,SE332,2018,48300,
ESTAT:NAMA_10R_3GDP(1.0),20/02/24 11:00:00,A,EUR_HAB,SI031,2018,15000,
ESTAT:NAMA_10R_3GDP(1.0),20/02/24 11:00:00,A,EUR_HAB,SI032,2018,17900,
ESTAT:NAMA_10R_3GDP(1.0),20/02/24 11:00:00,A,EUR_HAB,SI033,2018,18000,
ESTAT:NAMA_10R_3GDP(1.0),20/02/24 11:00:00,A,EUR_HAB,SI034,2018,20000,
ESTAT:NAMA_10R_3GDP(1.0),20/02/24 11:00:00,A,EUR_HAB,SI035,2018,11600,
ESTAT:NAMA_10R_3GDP(1.0),20/02/24 11:00:00,A,EUR_HAB,SI036,2018,18400,
ESTAT:NAMA_10R_3GDP(1.0),20/02/24 11:00:00,A,EUR_HAB,SI037,2018,21700,
ESTAT:NAMA_10R_3GDP(1.0),20/02/24 11:00:00,A,EUR_HAB,SI038,2018,15900,
ESTAT:NAMA_10R_3GDP(1.0),20/02/24 11:00:00,A,EUR_HAB,SI041,2018,31200,
ESTAT:NAMA_10R_3GDP(1.0),20/02/24 11:00:00,A,EUR_HAB,SI042,2018,19900,
ESTAT:NAMA_10R_3GDP(1.0),20/02/24 11:00:00,A,EUR_HAB,SI043,2018,20000,
ESTAT:NAMA_10R_3GDP(1.0),20/02/24 11:00:00,A,EUR_HAB,SI044,2018,22700,
ESTAT:NAMA_10R_3GDP(1.0),20/02/24 11:00:00,A,EUR_HAB,SK010,2018,39200,
ESTAT:NAMA_10R_3GDP(1.0),20/02/24 11:00:00,A,EUR_HAB,SK021,2018,17800,
ESTAT:NAMA_10R_3GDP(1.0),20/02/24 11:00:00,A,EUR_HAB,SK022,2018,13700,
ESTAT:NAMA_10R_3GDP(1.0),20/02/24 11:00:00,A,EUR_HAB,SK023,2018,13500,
ESTAT:NAMA_10R_3GDP(1.0),20/02/24 11:00:00,A,EUR_HAB,SK031,2018,14200,
ESTAT:NAMA_10R_3GDP(1.0),20/02/24 11:00:00,A,EUR_HAB,SK032,2018,12100,
ESTAT:NAMA_10R_3GDP(1.0),20/02/24 11:00:00,A,EUR_HAB,SK041,2018,10500,
ESTAT:NAMA_10R_3GDP(1.0),20/02/24 11:00:00,A,EUR_HAB,SK042,2018,13400,
ESTAT:NAMA_10R_3GDP(1.0),20/02/24 11:00:00,A,EUR_HAB,TR100,2018,13500,
ESTAT:NAMA_10R_3GDP(1.0),20/02/24 11:00:00,A,EUR_HAB,TR211,2018,11000,
ESTAT:NAMA_10R_3GDP(1.0),20/02/24 11:00:00,A,EUR_HAB,TR212,2018,6600,
ESTAT:NAMA_10R_3GDP(1.0),20/02/24 11:00:00,A,EUR_HAB,TR213,2018,8600,
ESTAT:NAMA_10R_3GDP(1.0),20/02/24 11:00:00,A,EUR_HAB,TR221,2018,6800,
ESTAT:NAMA_10R_3GDP(1.0),20/02/24 11:00:00,A,EUR_HAB,TR222,2018,8100,
ESTAT:NAMA_10R_3GDP(1.0),20/02/24 11:00:00,A,EUR_HAB,TR310,2018,9600,
ESTAT:NAMA_10R_3GDP(1.0),20/02/24 11:00:00,A,EUR_HAB,TR321,2018,5700,
ESTAT:NAMA_10R_3GDP(1.0),20/02/24 11:00:00,A,EUR_HAB,TR322,2018,7200,
ESTAT:NAMA_10R_3GDP(1.0),20/02/24 11:00:00,A,EUR_HAB,TR323,2018,8500,
ESTAT:NAMA_10R_3GDP(1.0),20/02/24 11:00:00,A,EUR_HAB,TR331,2018,7900,
ESTAT:NAMA_10R_3GDP(1.0),20/02/24 11:00:00,A,EUR_HAB,TR332,2018,5600,
ESTAT:NAMA_10R_3GDP(1.0),20/02/24 11:00:00,A,EUR_HAB,TR333,2018,6400,
ESTAT:NAMA_10R_3GDP(1.0),20/02/24 11:00:00,A,EUR_HAB,TR334,2018,6500,
ESTAT:NAMA_10R_3GDP(1.0),20/02/24 11:00:00,A,EUR_HAB,TR411,2018,9500,
ESTAT:NAMA_10R_3GDP(1.0),20/02/24 11:00:00,A,EUR_HAB,TR412,2018,8700,
ESTAT:NAMA_10R_3GDP(1.0),20/02/24 11:00:00,A,EUR_HAB,TR413,2018,8900,
ESTAT:NAMA_10R_3GDP(1.0),20/02/24 11:00:00,A,EUR_HAB,TR421,2018,13700,
ESTAT:NAMA_10R_3GDP(1.0),20/02/24 11:00:00,A,EUR_HAB,TR422,2018,7600,
ESTAT:NAMA_10R_3GDP(1.0),20/02/24 11:00:00,A,EUR_HAB,TR423,2018,6600,
ESTAT:NAMA_10R_3GDP(1.0),20/02/24 11:00:00,A,EUR_HAB,TR424,2018,8500,
ESTAT:NAMA_10R_3GDP(1.0),20/02/24 11:00:00,A,EUR_HAB,TR425,2018,8900,
ESTAT:NAMA_10R_3GDP(1.0),20/02/24 11:00:00,A,EUR_HAB,TR510,2018,10700,
ESTAT:NAMA_10R_3GDP(1.0),20/02/24 11:00:00,A,EUR_HAB,TR521,2018,6400,
ESTAT:NAMA_10R_3GDP(1.0),20/02/24 11:00:00,A,EUR_HAB,TR522,2018,7200,
ESTAT:NAMA_10R_3GDP(1.0),20/02/24 11:00:00,A,EUR_HAB,TR611,2018,9000,
ESTAT:NAMA_10R_3GDP(1.0),20/02/24 11:00:00,A,EUR_HAB,TR612,2018,6300,
ESTAT:NAMA_10R_3GDP(1.0),20/02/24 11:00:00,A,EUR_HAB,TR613,2018,6600,
ESTAT:NAMA_10R_3GDP(1.0),20/02/24 11:00:00,A,EUR_HAB,TR621,2018,5600,
ESTAT:NAMA_10R_3GDP(1.0),20/02/24 11:00:00,A,EUR_HAB,TR622,2018,6500,
ESTAT:NAMA_10R_3GDP(1.0),20/02/24 11:00:00,A,EUR_HAB,TR631,2018,5400,
ESTAT:NAMA_10R_3GDP(1.0),20/02/24 11:00:00,A,EUR_HAB,TR632,2018,5000,
ESTAT:NAMA_10R_3GDP(1.0),20/02/24 11:00:00,A,EUR_HAB,TR633,2018,4900,
ESTAT:NAMA_10R_3GDP(1.0),20/02/24 11:00:00,A,EUR_HAB,TR711,2018,6900,
ESTAT:NAMA_10R_3GDP(1.0),20/02/24 11:00:00,A,EUR_HAB,TR712,2018,5700,
ESTAT:NAMA_10R_3GDP(1.0),20/02/24 11:00:00,A,EUR_HAB,TR713,2018,5200,
ESTAT:NAMA_10R_3GDP(1.0),20/02/24 11:00:00,A,EUR_HAB,TR714,2018,5400,
ESTAT:NAMA_10R_3GDP(1.0),20/02/24 11:00:00,A,EUR_HAB,TR715,2018,5400,
ESTAT:NAMA_10R_3GDP(1.0),20/02/24 11:00:00,A,EUR_HAB,TR721,2018,6700,
ESTAT:NAMA_10R_3GDP(1.0),20/02/24 11:00:00,A,EUR_HAB,TR722,2018,5500,
ESTAT:NAMA_10R_3GDP(1.0),20/02/24 11:00:00,A,EUR_HAB,TR723,2018,4600,
ESTAT:NAMA_10R_3GDP(1.0),20/02/24 11:00:00,A,EUR_HAB,TR811,2018,6200,
ESTAT:NAMA_10R_3GDP(1.0),20/02/24 11:00:00,A,EUR_HAB,TR812,2018,7000,
ESTAT:NAMA_10R_3GDP(1.0),20/02/24 11:00:00,A,EUR_HAB,TR813,2018,5300,
ESTAT:NAMA_10R_3GDP(1.0),20/02/24 11:00:00,A,EUR_HAB,TR821,2018,5900,
ESTAT:NAMA_10R_3GDP(1.0),20/02/24 11:00:00,A,EUR_HAB,TR822,2018,5600,
ESTAT:NAMA_10R_3GDP(1.0),20/02/24 11:00:00,A,EUR_HAB,TR823,2018,4800,
ESTAT:NAMA_10R_3GDP(1.0),20/02/24 11:00:00,A,EUR_HAB,TR831,2018,5200,
ESTAT:NAMA_10R_3GDP(1.0),20/02/24 11:00:00,A,EUR_HAB,TR832,2018,4000,
ESTAT:NAMA_10R_3GDP(1.0),20/02/24 11:00:00,A,EUR_HAB,TR833,2018,4900,
ESTAT:NAMA_10R_3GDP(1.0),20/02/24 11:00:00,A,EUR_HAB,TR834,2018,5500,
ESTAT:NAMA_10R_3GDP(1.0),20/02/24 11:00:00,A,EUR_HAB,TR901,2018,5700,
ESTAT:NAMA_10R_3GDP(1.0),20/02/24 11:00:00,A,EUR_HAB,TR902,2018,4300,
ESTAT:NAMA_10R_3GDP(1.0),20/02/24 11:00:00,A,EUR_HAB,TR903,2018,4400,
ESTAT:NAMA_10R_3GDP(1.0),20/02/24 11:00:00,A,EUR_HAB,TR904,2018,6200,
ESTAT:NAMA_10R_3GDP(1.0),20/02/24 11:00:00,A,EUR_HAB,TR905,2018,7200,
ESTAT:NAMA_10R_3GDP(1.0),20/02/24 11:00:00,A,EUR_HAB,TR906,2018,4500,
ESTAT:NAMA_10R_3GDP(1.0),20/02/24 11:00:00,A,EUR_HAB,TRA11,2018,4700,
ESTAT:NAMA_10R_3GDP(1.0),20/02/24 11:00:00,A,EUR_HAB,TRA12,2018,7000,
ESTAT:NAMA_10R_3GDP(1.0),20/02/24 11:00:00,A,EUR_HAB,TRA13,2018,5000,
ESTAT:NAMA_10R_3GDP(1.0),20/02/24 11:00:00,A,EUR_HAB,TRA21,2018,2500,
ESTAT:NAMA_10R_3GDP(1.0),20/02/24 11:00:00,A,EUR_HAB,TRA22,2018,4000,
ESTAT:NAMA_10R_3GDP(1.0),20/02/24 11:00:00,A,EUR_HAB,TRA23,2018,4500,
ESTAT:NAMA_10R_3GDP(1.0),20/02/24 11:00:00,A,EUR_HAB,TRA24,2018,5300,
ESTAT:NAMA_10R_3GDP(1.0),20/02/24 11:00:00,A,EUR_HAB,TRB11,2018,4600,
ESTAT:NAMA_10R_3GDP(1.0),20/02/24 11:00:00,A,EUR_HAB,TRB12,2018,5000,
ESTAT:NAMA_10R_3GDP(1.0),20/02/24 11:00:00,A,EUR_HAB,TRB13,2018,4100,
ESTAT:NAMA_10R_3GDP(1.0),20/02/24 11:00:00,A,EUR_HAB,TRB14,2018,6700,
ESTAT:NAMA_10R_3GDP(1.0),20/02/24 11:00:00,A,EUR_HAB,TRB21,2018,2800,
ESTAT:NAMA_10R_3GDP(1.0),20/02/24 11:00:00,A,EUR_HAB,TRB22,2018,3500,
ESTAT:NAMA_10R_3GDP(1.0),20/02/24 11:00:00,A,EUR_HAB,TRB23,2018,3200,
ESTAT:NAMA_10R_3GDP(1.0),20/02/24 11:00:00,A,EUR_HAB,TRB24,2018,4300,
ESTAT:NAMA_10R_3GDP(1.0),20/02/24 11:00:00,A,EUR_HAB,TRC11,2018,5700,
ESTAT:NAMA_10R_3GDP(1.0),20/02/24 11:00:00,A,EUR_HAB,TRC12,2018,3500,
ESTAT:NAMA_10R_3GDP(1.0),20/02/24 11:00:00,A,EUR_HAB,TRC13,2018,4300,
ESTAT:NAMA_10R_3GDP(1.0),20/02/24 11:00:00,A,EUR_HAB,TRC21,2018,2600,
ESTAT:NAMA_10R_3GDP(1.0),20/02/24 11:00:00,A,EUR_HAB,TRC22,2018,3600,
ESTAT:NAMA_10R_3GDP(1.0),20/02/24 11:00:00,A,EUR_HAB,TRC31,2018,4400,
ESTAT:NAMA_10R_3GDP(1.0),20/02/24 11:00:00,A,EUR_HAB,TRC32,2018,3600,
ESTAT:NAMA_10R_3GDP(1.0),20/02/24 11:00:00,A,EUR_HAB,TRC33,2018,4100,
ESTAT:NAMA_10R_3GDP(1.0),20/02/24 11:00:00,A,EUR_HAB,TRC34,2018,3500,
